2025-06-19 21:28:05,694 - INFO - patching driver executable /home/sravan/.local/share/undetected_chromedriver/undetected_chromedriver
2025-06-19 21:28:06,245 - ERROR - Failed to initialize undetected Chrome: Message: invalid argument: cannot parse capability: goog:chromeOptions
from invalid argument: unrecognized chrome option: excludeSwitches
Stacktrace:
#0 0x60067cc76f83 <unknown>
#1 0x60067c92fcf7 <unknown>
#2 0x60067c95aeeb <unknown>
#3 0x60067c9627b5 <unknown>
#4 0x60067c957a06 <unknown>
#5 0x60067c9b2a64 <unknown>
#6 0x60067c9b239c <unknown>
#7 0x60067c9b3f1c <unknown>
#8 0x60067c9a8e53 <unknown>
#9 0x60067c970dd4 <unknown>
#10 0x60067c9721de <unknown>
#11 0x60067cc3b531 <unknown>
#12 0x60067cc3f455 <unknown>
#13 0x60067cc27f55 <unknown>
#14 0x60067cc400ef <unknown>
#15 0x60067cc0b99f <unknown>
#16 0x60067cc64008 <unknown>
#17 0x60067cc641d7 <unknown>
#18 0x60067cc76124 <unknown>
#19 0x702ee7e94ac3 <unknown>

2025-06-19 21:28:06,246 - INFO - ====== WebDriver manager ======
2025-06-19 21:28:06,371 - INFO - Get LATEST chromedriver version for google-chrome
2025-06-19 21:28:06,422 - INFO - Get LATEST chromedriver version for google-chrome
2025-06-19 21:28:06,473 - INFO - Driver [/home/sravan/.wdm/drivers/chromedriver/linux64/137.0.7151.119/chromedriver-linux64/chromedriver] found in cache
2025-06-19 21:28:07,707 - INFO - Successfully initialized scraper with headless=False
2025-06-19 21:28:07,707 - INFO - 
Testing URL: https://realpython.com/
2025-06-19 21:28:19,233 - WARNING - Error during content scrolling: Message: invalid session id
Stacktrace:
#0 0x56afcb3a645a <unknown>
#1 0x56afcae4b5b3 <unknown>
#2 0x56afcae8e66f <unknown>
#3 0x56afcaec2d56 <unknown>
#4 0x56afcaebd6c7 <unknown>
#5 0x56afcaebc805 <unknown>
#6 0x56afcae147b8 <unknown>
#7 0x56afcb36af1b <unknown>
#8 0x56afcb36ee19 <unknown>
#9 0x56afcb351ac9 <unknown>
#10 0x56afcb36f9c8 <unknown>
#11 0x56afcb33634f <unknown>
#12 0x56afcae125df <unknown>
#13 0x7ba40cc29d90 <unknown>

2025-06-19 21:28:19,245 - ERROR - Error getting page with JS: Message: invalid session id
Stacktrace:
#0 0x56afcb3a645a <unknown>
#1 0x56afcae4b5b3 <unknown>
#2 0x56afcae8e66f <unknown>
#3 0x56afcaec2d56 <unknown>
#4 0x56afcaebd6c7 <unknown>
#5 0x56afcaebc805 <unknown>
#6 0x56afcae147b8 <unknown>
#7 0x56afcb36af1b <unknown>
#8 0x56afcb36ee19 <unknown>
#9 0x56afcb351ac9 <unknown>
#10 0x56afcb36f9c8 <unknown>
#11 0x56afcb33634f <unknown>
#12 0x56afcae125df <unknown>
#13 0x7ba40cc29d90 <unknown>

2025-06-19 21:28:19,245 - WARNING - Attempt 1 failed: Message: invalid session id
Stacktrace:
#0 0x56afcb3a645a <unknown>
#1 0x56afcae4b5b3 <unknown>
#2 0x56afcae8e66f <unknown>
#3 0x56afcaec2d56 <unknown>
#4 0x56afcaebd6c7 <unknown>
#5 0x56afcaebc805 <unknown>
#6 0x56afcae147b8 <unknown>
#7 0x56afcb36af1b <unknown>
#8 0x56afcb36ee19 <unknown>
#9 0x56afcb351ac9 <unknown>
#10 0x56afcb36f9c8 <unknown>
#11 0x56afcb33634f <unknown>
#12 0x56afcae125df <unknown>
#13 0x7ba40cc29d90 <unknown>

2025-06-19 21:28:21,250 - ERROR - Error getting page with JS: Message: invalid session id
Stacktrace:
#0 0x56afcb3a645a <unknown>
#1 0x56afcae4b5b3 <unknown>
#2 0x56afcae8e66f <unknown>
#3 0x56afcaec2d56 <unknown>
#4 0x56afcaebd6c7 <unknown>
#5 0x56afcaebc805 <unknown>
#6 0x56afcae147b8 <unknown>
#7 0x56afcb36af1b <unknown>
#8 0x56afcb36ee19 <unknown>
#9 0x56afcb351ac9 <unknown>
#10 0x56afcb36f9c8 <unknown>
#11 0x56afcb33634f <unknown>
#12 0x56afcae125df <unknown>
#13 0x7ba40cc29d90 <unknown>

2025-06-19 21:28:21,250 - WARNING - Attempt 2 failed: Message: invalid session id
Stacktrace:
#0 0x56afcb3a645a <unknown>
#1 0x56afcae4b5b3 <unknown>
#2 0x56afcae8e66f <unknown>
#3 0x56afcaec2d56 <unknown>
#4 0x56afcaebd6c7 <unknown>
#5 0x56afcaebc805 <unknown>
#6 0x56afcae147b8 <unknown>
#7 0x56afcb36af1b <unknown>
#8 0x56afcb36ee19 <unknown>
#9 0x56afcb351ac9 <unknown>
#10 0x56afcb36f9c8 <unknown>
#11 0x56afcb33634f <unknown>
#12 0x56afcae125df <unknown>
#13 0x7ba40cc29d90 <unknown>

2025-06-19 21:28:25,256 - ERROR - Error getting page with JS: Message: invalid session id
Stacktrace:
#0 0x56afcb3a645a <unknown>
#1 0x56afcae4b5b3 <unknown>
#2 0x56afcae8e66f <unknown>
#3 0x56afcaec2d56 <unknown>
#4 0x56afcaebd6c7 <unknown>
#5 0x56afcaebc805 <unknown>
#6 0x56afcae147b8 <unknown>
#7 0x56afcb36af1b <unknown>
#8 0x56afcb36ee19 <unknown>
#9 0x56afcb351ac9 <unknown>
#10 0x56afcb36f9c8 <unknown>
#11 0x56afcb33634f <unknown>
#12 0x56afcae125df <unknown>
#13 0x7ba40cc29d90 <unknown>

2025-06-19 21:28:25,257 - WARNING - Attempt 3 failed: Message: invalid session id
Stacktrace:
#0 0x56afcb3a645a <unknown>
#1 0x56afcae4b5b3 <unknown>
#2 0x56afcae8e66f <unknown>
#3 0x56afcaec2d56 <unknown>
#4 0x56afcaebd6c7 <unknown>
#5 0x56afcaebc805 <unknown>
#6 0x56afcae147b8 <unknown>
#7 0x56afcb36af1b <unknown>
#8 0x56afcb36ee19 <unknown>
#9 0x56afcb351ac9 <unknown>
#10 0x56afcb36f9c8 <unknown>
#11 0x56afcb33634f <unknown>
#12 0x56afcae125df <unknown>
#13 0x7ba40cc29d90 <unknown>

2025-06-19 21:28:25,257 - ERROR - Attempt 1 failed for https://realpython.com/: Message: invalid session id
Stacktrace:
#0 0x56afcb3a645a <unknown>
#1 0x56afcae4b5b3 <unknown>
#2 0x56afcae8e66f <unknown>
#3 0x56afcaec2d56 <unknown>
#4 0x56afcaebd6c7 <unknown>
#5 0x56afcaebc805 <unknown>
#6 0x56afcae147b8 <unknown>
#7 0x56afcb36af1b <unknown>
#8 0x56afcb36ee19 <unknown>
#9 0x56afcb351ac9 <unknown>
#10 0x56afcb36f9c8 <unknown>
#11 0x56afcb33634f <unknown>
#12 0x56afcae125df <unknown>
#13 0x7ba40cc29d90 <unknown>

2025-06-19 21:28:30,267 - ERROR - Error getting page with JS: Message: invalid session id
Stacktrace:
#0 0x56afcb3a645a <unknown>
#1 0x56afcae4b5b3 <unknown>
#2 0x56afcae8e66f <unknown>
#3 0x56afcaec2d56 <unknown>
#4 0x56afcaebd6c7 <unknown>
#5 0x56afcaebc805 <unknown>
#6 0x56afcae147b8 <unknown>
#7 0x56afcb36af1b <unknown>
#8 0x56afcb36ee19 <unknown>
#9 0x56afcb351ac9 <unknown>
#10 0x56afcb36f9c8 <unknown>
#11 0x56afcb33634f <unknown>
#12 0x56afcae125df <unknown>
#13 0x7ba40cc29d90 <unknown>

2025-06-19 21:28:30,267 - WARNING - Attempt 1 failed: Message: invalid session id
Stacktrace:
#0 0x56afcb3a645a <unknown>
#1 0x56afcae4b5b3 <unknown>
#2 0x56afcae8e66f <unknown>
#3 0x56afcaec2d56 <unknown>
#4 0x56afcaebd6c7 <unknown>
#5 0x56afcaebc805 <unknown>
#6 0x56afcae147b8 <unknown>
#7 0x56afcb36af1b <unknown>
#8 0x56afcb36ee19 <unknown>
#9 0x56afcb351ac9 <unknown>
#10 0x56afcb36f9c8 <unknown>
#11 0x56afcb33634f <unknown>
#12 0x56afcae125df <unknown>
#13 0x7ba40cc29d90 <unknown>

2025-06-19 21:28:32,271 - ERROR - Error getting page with JS: Message: invalid session id
Stacktrace:
#0 0x56afcb3a645a <unknown>
#1 0x56afcae4b5b3 <unknown>
#2 0x56afcae8e66f <unknown>
#3 0x56afcaec2d56 <unknown>
#4 0x56afcaebd6c7 <unknown>
#5 0x56afcaebc805 <unknown>
#6 0x56afcae147b8 <unknown>
#7 0x56afcb36af1b <unknown>
#8 0x56afcb36ee19 <unknown>
#9 0x56afcb351ac9 <unknown>
#10 0x56afcb36f9c8 <unknown>
#11 0x56afcb33634f <unknown>
#12 0x56afcae125df <unknown>
#13 0x7ba40cc29d90 <unknown>

2025-06-19 21:28:32,271 - WARNING - Attempt 2 failed: Message: invalid session id
Stacktrace:
#0 0x56afcb3a645a <unknown>
#1 0x56afcae4b5b3 <unknown>
#2 0x56afcae8e66f <unknown>
#3 0x56afcaec2d56 <unknown>
#4 0x56afcaebd6c7 <unknown>
#5 0x56afcaebc805 <unknown>
#6 0x56afcae147b8 <unknown>
#7 0x56afcb36af1b <unknown>
#8 0x56afcb36ee19 <unknown>
#9 0x56afcb351ac9 <unknown>
#10 0x56afcb36f9c8 <unknown>
#11 0x56afcb33634f <unknown>
#12 0x56afcae125df <unknown>
#13 0x7ba40cc29d90 <unknown>

2025-06-19 21:28:36,279 - ERROR - Error getting page with JS: Message: invalid session id
Stacktrace:
#0 0x56afcb3a645a <unknown>
#1 0x56afcae4b5b3 <unknown>
#2 0x56afcae8e66f <unknown>
#3 0x56afcaec2d56 <unknown>
#4 0x56afcaebd6c7 <unknown>
#5 0x56afcaebc805 <unknown>
#6 0x56afcae147b8 <unknown>
#7 0x56afcb36af1b <unknown>
#8 0x56afcb36ee19 <unknown>
#9 0x56afcb351ac9 <unknown>
#10 0x56afcb36f9c8 <unknown>
#11 0x56afcb33634f <unknown>
#12 0x56afcae125df <unknown>
#13 0x7ba40cc29d90 <unknown>

2025-06-19 21:28:36,279 - WARNING - Attempt 3 failed: Message: invalid session id
Stacktrace:
#0 0x56afcb3a645a <unknown>
#1 0x56afcae4b5b3 <unknown>
#2 0x56afcae8e66f <unknown>
#3 0x56afcaec2d56 <unknown>
#4 0x56afcaebd6c7 <unknown>
#5 0x56afcaebc805 <unknown>
#6 0x56afcae147b8 <unknown>
#7 0x56afcb36af1b <unknown>
#8 0x56afcb36ee19 <unknown>
#9 0x56afcb351ac9 <unknown>
#10 0x56afcb36f9c8 <unknown>
#11 0x56afcb33634f <unknown>
#12 0x56afcae125df <unknown>
#13 0x7ba40cc29d90 <unknown>

2025-06-19 21:28:36,279 - ERROR - Attempt 2 failed for https://realpython.com/: Message: invalid session id
Stacktrace:
#0 0x56afcb3a645a <unknown>
#1 0x56afcae4b5b3 <unknown>
#2 0x56afcae8e66f <unknown>
#3 0x56afcaec2d56 <unknown>
#4 0x56afcaebd6c7 <unknown>
#5 0x56afcaebc805 <unknown>
#6 0x56afcae147b8 <unknown>
#7 0x56afcb36af1b <unknown>
#8 0x56afcb36ee19 <unknown>
#9 0x56afcb351ac9 <unknown>
#10 0x56afcb36f9c8 <unknown>
#11 0x56afcb33634f <unknown>
#12 0x56afcae125df <unknown>
#13 0x7ba40cc29d90 <unknown>

2025-06-19 21:28:46,295 - ERROR - Error getting page with JS: Message: invalid session id
Stacktrace:
#0 0x56afcb3a645a <unknown>
#1 0x56afcae4b5b3 <unknown>
#2 0x56afcae8e66f <unknown>
#3 0x56afcaec2d56 <unknown>
#4 0x56afcaebd6c7 <unknown>
#5 0x56afcaebc805 <unknown>
#6 0x56afcae147b8 <unknown>
#7 0x56afcb36af1b <unknown>
#8 0x56afcb36ee19 <unknown>
#9 0x56afcb351ac9 <unknown>
#10 0x56afcb36f9c8 <unknown>
#11 0x56afcb33634f <unknown>
#12 0x56afcae125df <unknown>
#13 0x7ba40cc29d90 <unknown>

2025-06-19 21:28:46,295 - WARNING - Attempt 1 failed: Message: invalid session id
Stacktrace:
#0 0x56afcb3a645a <unknown>
#1 0x56afcae4b5b3 <unknown>
#2 0x56afcae8e66f <unknown>
#3 0x56afcaec2d56 <unknown>
#4 0x56afcaebd6c7 <unknown>
#5 0x56afcaebc805 <unknown>
#6 0x56afcae147b8 <unknown>
#7 0x56afcb36af1b <unknown>
#8 0x56afcb36ee19 <unknown>
#9 0x56afcb351ac9 <unknown>
#10 0x56afcb36f9c8 <unknown>
#11 0x56afcb33634f <unknown>
#12 0x56afcae125df <unknown>
#13 0x7ba40cc29d90 <unknown>

2025-06-19 21:28:48,300 - ERROR - Error getting page with JS: Message: invalid session id
Stacktrace:
#0 0x56afcb3a645a <unknown>
#1 0x56afcae4b5b3 <unknown>
#2 0x56afcae8e66f <unknown>
#3 0x56afcaec2d56 <unknown>
#4 0x56afcaebd6c7 <unknown>
#5 0x56afcaebc805 <unknown>
#6 0x56afcae147b8 <unknown>
#7 0x56afcb36af1b <unknown>
#8 0x56afcb36ee19 <unknown>
#9 0x56afcb351ac9 <unknown>
#10 0x56afcb36f9c8 <unknown>
#11 0x56afcb33634f <unknown>
#12 0x56afcae125df <unknown>
#13 0x7ba40cc29d90 <unknown>

2025-06-19 21:28:48,300 - WARNING - Attempt 2 failed: Message: invalid session id
Stacktrace:
#0 0x56afcb3a645a <unknown>
#1 0x56afcae4b5b3 <unknown>
#2 0x56afcae8e66f <unknown>
#3 0x56afcaec2d56 <unknown>
#4 0x56afcaebd6c7 <unknown>
#5 0x56afcaebc805 <unknown>
#6 0x56afcae147b8 <unknown>
#7 0x56afcb36af1b <unknown>
#8 0x56afcb36ee19 <unknown>
#9 0x56afcb351ac9 <unknown>
#10 0x56afcb36f9c8 <unknown>
#11 0x56afcb33634f <unknown>
#12 0x56afcae125df <unknown>
#13 0x7ba40cc29d90 <unknown>

2025-06-19 21:28:52,307 - ERROR - Error getting page with JS: Message: invalid session id
Stacktrace:
#0 0x56afcb3a645a <unknown>
#1 0x56afcae4b5b3 <unknown>
#2 0x56afcae8e66f <unknown>
#3 0x56afcaec2d56 <unknown>
#4 0x56afcaebd6c7 <unknown>
#5 0x56afcaebc805 <unknown>
#6 0x56afcae147b8 <unknown>
#7 0x56afcb36af1b <unknown>
#8 0x56afcb36ee19 <unknown>
#9 0x56afcb351ac9 <unknown>
#10 0x56afcb36f9c8 <unknown>
#11 0x56afcb33634f <unknown>
#12 0x56afcae125df <unknown>
#13 0x7ba40cc29d90 <unknown>

2025-06-19 21:28:52,308 - WARNING - Attempt 3 failed: Message: invalid session id
Stacktrace:
#0 0x56afcb3a645a <unknown>
#1 0x56afcae4b5b3 <unknown>
#2 0x56afcae8e66f <unknown>
#3 0x56afcaec2d56 <unknown>
#4 0x56afcaebd6c7 <unknown>
#5 0x56afcaebc805 <unknown>
#6 0x56afcae147b8 <unknown>
#7 0x56afcb36af1b <unknown>
#8 0x56afcb36ee19 <unknown>
#9 0x56afcb351ac9 <unknown>
#10 0x56afcb36f9c8 <unknown>
#11 0x56afcb33634f <unknown>
#12 0x56afcae125df <unknown>
#13 0x7ba40cc29d90 <unknown>

2025-06-19 21:28:52,308 - ERROR - Attempt 3 failed for https://realpython.com/: Message: invalid session id
Stacktrace:
#0 0x56afcb3a645a <unknown>
#1 0x56afcae4b5b3 <unknown>
#2 0x56afcae8e66f <unknown>
#3 0x56afcaec2d56 <unknown>
#4 0x56afcaebd6c7 <unknown>
#5 0x56afcaebc805 <unknown>
#6 0x56afcae147b8 <unknown>
#7 0x56afcb36af1b <unknown>
#8 0x56afcb36ee19 <unknown>
#9 0x56afcb351ac9 <unknown>
#10 0x56afcb36f9c8 <unknown>
#11 0x56afcb33634f <unknown>
#12 0x56afcae125df <unknown>
#13 0x7ba40cc29d90 <unknown>

2025-06-19 21:28:52,308 - ERROR - Failed to process https://realpython.com/ after all retries
2025-06-19 21:28:52,308 - INFO - 
Testing URL: https://interviewing.io/learn#interview-guides
2025-06-19 21:28:52,313 - ERROR - Error getting page with JS: Message: invalid session id
Stacktrace:
#0 0x56afcb3a645a <unknown>
#1 0x56afcae4b5b3 <unknown>
#2 0x56afcae8e66f <unknown>
#3 0x56afcaec2d56 <unknown>
#4 0x56afcaebd6c7 <unknown>
#5 0x56afcaebc805 <unknown>
#6 0x56afcae147b8 <unknown>
#7 0x56afcb36af1b <unknown>
#8 0x56afcb36ee19 <unknown>
#9 0x56afcb351ac9 <unknown>
#10 0x56afcb36f9c8 <unknown>
#11 0x56afcb33634f <unknown>
#12 0x56afcae125df <unknown>
#13 0x7ba40cc29d90 <unknown>

2025-06-19 21:28:52,313 - WARNING - Attempt 1 failed: Message: invalid session id
Stacktrace:
#0 0x56afcb3a645a <unknown>
#1 0x56afcae4b5b3 <unknown>
#2 0x56afcae8e66f <unknown>
#3 0x56afcaec2d56 <unknown>
#4 0x56afcaebd6c7 <unknown>
#5 0x56afcaebc805 <unknown>
#6 0x56afcae147b8 <unknown>
#7 0x56afcb36af1b <unknown>
#8 0x56afcb36ee19 <unknown>
#9 0x56afcb351ac9 <unknown>
#10 0x56afcb36f9c8 <unknown>
#11 0x56afcb33634f <unknown>
#12 0x56afcae125df <unknown>
#13 0x7ba40cc29d90 <unknown>

2025-06-19 21:28:54,317 - ERROR - Error getting page with JS: Message: invalid session id
Stacktrace:
#0 0x56afcb3a645a <unknown>
#1 0x56afcae4b5b3 <unknown>
#2 0x56afcae8e66f <unknown>
#3 0x56afcaec2d56 <unknown>
#4 0x56afcaebd6c7 <unknown>
#5 0x56afcaebc805 <unknown>
#6 0x56afcae147b8 <unknown>
#7 0x56afcb36af1b <unknown>
#8 0x56afcb36ee19 <unknown>
#9 0x56afcb351ac9 <unknown>
#10 0x56afcb36f9c8 <unknown>
#11 0x56afcb33634f <unknown>
#12 0x56afcae125df <unknown>
#13 0x7ba40cc29d90 <unknown>

2025-06-19 21:28:54,317 - WARNING - Attempt 2 failed: Message: invalid session id
Stacktrace:
#0 0x56afcb3a645a <unknown>
#1 0x56afcae4b5b3 <unknown>
#2 0x56afcae8e66f <unknown>
#3 0x56afcaec2d56 <unknown>
#4 0x56afcaebd6c7 <unknown>
#5 0x56afcaebc805 <unknown>
#6 0x56afcae147b8 <unknown>
#7 0x56afcb36af1b <unknown>
#8 0x56afcb36ee19 <unknown>
#9 0x56afcb351ac9 <unknown>
#10 0x56afcb36f9c8 <unknown>
#11 0x56afcb33634f <unknown>
#12 0x56afcae125df <unknown>
#13 0x7ba40cc29d90 <unknown>

2025-06-19 21:28:58,323 - ERROR - Error getting page with JS: Message: invalid session id
Stacktrace:
#0 0x56afcb3a645a <unknown>
#1 0x56afcae4b5b3 <unknown>
#2 0x56afcae8e66f <unknown>
#3 0x56afcaec2d56 <unknown>
#4 0x56afcaebd6c7 <unknown>
#5 0x56afcaebc805 <unknown>
#6 0x56afcae147b8 <unknown>
#7 0x56afcb36af1b <unknown>
#8 0x56afcb36ee19 <unknown>
#9 0x56afcb351ac9 <unknown>
#10 0x56afcb36f9c8 <unknown>
#11 0x56afcb33634f <unknown>
#12 0x56afcae125df <unknown>
#13 0x7ba40cc29d90 <unknown>

2025-06-19 21:28:58,324 - WARNING - Attempt 3 failed: Message: invalid session id
Stacktrace:
#0 0x56afcb3a645a <unknown>
#1 0x56afcae4b5b3 <unknown>
#2 0x56afcae8e66f <unknown>
#3 0x56afcaec2d56 <unknown>
#4 0x56afcaebd6c7 <unknown>
#5 0x56afcaebc805 <unknown>
#6 0x56afcae147b8 <unknown>
#7 0x56afcb36af1b <unknown>
#8 0x56afcb36ee19 <unknown>
#9 0x56afcb351ac9 <unknown>
#10 0x56afcb36f9c8 <unknown>
#11 0x56afcb33634f <unknown>
#12 0x56afcae125df <unknown>
#13 0x7ba40cc29d90 <unknown>

2025-06-19 21:28:58,324 - ERROR - Attempt 1 failed for https://interviewing.io/learn#interview-guides: Message: invalid session id
Stacktrace:
#0 0x56afcb3a645a <unknown>
#1 0x56afcae4b5b3 <unknown>
#2 0x56afcae8e66f <unknown>
#3 0x56afcaec2d56 <unknown>
#4 0x56afcaebd6c7 <unknown>
#5 0x56afcaebc805 <unknown>
#6 0x56afcae147b8 <unknown>
#7 0x56afcb36af1b <unknown>
#8 0x56afcb36ee19 <unknown>
#9 0x56afcb351ac9 <unknown>
#10 0x56afcb36f9c8 <unknown>
#11 0x56afcb33634f <unknown>
#12 0x56afcae125df <unknown>
#13 0x7ba40cc29d90 <unknown>

2025-06-19 21:29:03,334 - ERROR - Error getting page with JS: Message: invalid session id
Stacktrace:
#0 0x56afcb3a645a <unknown>
#1 0x56afcae4b5b3 <unknown>
#2 0x56afcae8e66f <unknown>
#3 0x56afcaec2d56 <unknown>
#4 0x56afcaebd6c7 <unknown>
#5 0x56afcaebc805 <unknown>
#6 0x56afcae147b8 <unknown>
#7 0x56afcb36af1b <unknown>
#8 0x56afcb36ee19 <unknown>
#9 0x56afcb351ac9 <unknown>
#10 0x56afcb36f9c8 <unknown>
#11 0x56afcb33634f <unknown>
#12 0x56afcae125df <unknown>
#13 0x7ba40cc29d90 <unknown>

2025-06-19 21:29:03,334 - WARNING - Attempt 1 failed: Message: invalid session id
Stacktrace:
#0 0x56afcb3a645a <unknown>
#1 0x56afcae4b5b3 <unknown>
#2 0x56afcae8e66f <unknown>
#3 0x56afcaec2d56 <unknown>
#4 0x56afcaebd6c7 <unknown>
#5 0x56afcaebc805 <unknown>
#6 0x56afcae147b8 <unknown>
#7 0x56afcb36af1b <unknown>
#8 0x56afcb36ee19 <unknown>
#9 0x56afcb351ac9 <unknown>
#10 0x56afcb36f9c8 <unknown>
#11 0x56afcb33634f <unknown>
#12 0x56afcae125df <unknown>
#13 0x7ba40cc29d90 <unknown>

2025-06-19 21:29:05,339 - ERROR - Error getting page with JS: Message: invalid session id
Stacktrace:
#0 0x56afcb3a645a <unknown>
#1 0x56afcae4b5b3 <unknown>
#2 0x56afcae8e66f <unknown>
#3 0x56afcaec2d56 <unknown>
#4 0x56afcaebd6c7 <unknown>
#5 0x56afcaebc805 <unknown>
#6 0x56afcae147b8 <unknown>
#7 0x56afcb36af1b <unknown>
#8 0x56afcb36ee19 <unknown>
#9 0x56afcb351ac9 <unknown>
#10 0x56afcb36f9c8 <unknown>
#11 0x56afcb33634f <unknown>
#12 0x56afcae125df <unknown>
#13 0x7ba40cc29d90 <unknown>

2025-06-19 21:29:05,339 - WARNING - Attempt 2 failed: Message: invalid session id
Stacktrace:
#0 0x56afcb3a645a <unknown>
#1 0x56afcae4b5b3 <unknown>
#2 0x56afcae8e66f <unknown>
#3 0x56afcaec2d56 <unknown>
#4 0x56afcaebd6c7 <unknown>
#5 0x56afcaebc805 <unknown>
#6 0x56afcae147b8 <unknown>
#7 0x56afcb36af1b <unknown>
#8 0x56afcb36ee19 <unknown>
#9 0x56afcb351ac9 <unknown>
#10 0x56afcb36f9c8 <unknown>
#11 0x56afcb33634f <unknown>
#12 0x56afcae125df <unknown>
#13 0x7ba40cc29d90 <unknown>

2025-06-19 21:29:09,345 - ERROR - Error getting page with JS: Message: invalid session id
Stacktrace:
#0 0x56afcb3a645a <unknown>
#1 0x56afcae4b5b3 <unknown>
#2 0x56afcae8e66f <unknown>
#3 0x56afcaec2d56 <unknown>
#4 0x56afcaebd6c7 <unknown>
#5 0x56afcaebc805 <unknown>
#6 0x56afcae147b8 <unknown>
#7 0x56afcb36af1b <unknown>
#8 0x56afcb36ee19 <unknown>
#9 0x56afcb351ac9 <unknown>
#10 0x56afcb36f9c8 <unknown>
#11 0x56afcb33634f <unknown>
#12 0x56afcae125df <unknown>
#13 0x7ba40cc29d90 <unknown>

2025-06-19 21:29:09,345 - WARNING - Attempt 3 failed: Message: invalid session id
Stacktrace:
#0 0x56afcb3a645a <unknown>
#1 0x56afcae4b5b3 <unknown>
#2 0x56afcae8e66f <unknown>
#3 0x56afcaec2d56 <unknown>
#4 0x56afcaebd6c7 <unknown>
#5 0x56afcaebc805 <unknown>
#6 0x56afcae147b8 <unknown>
#7 0x56afcb36af1b <unknown>
#8 0x56afcb36ee19 <unknown>
#9 0x56afcb351ac9 <unknown>
#10 0x56afcb36f9c8 <unknown>
#11 0x56afcb33634f <unknown>
#12 0x56afcae125df <unknown>
#13 0x7ba40cc29d90 <unknown>

2025-06-19 21:29:09,345 - ERROR - Attempt 2 failed for https://interviewing.io/learn#interview-guides: Message: invalid session id
Stacktrace:
#0 0x56afcb3a645a <unknown>
#1 0x56afcae4b5b3 <unknown>
#2 0x56afcae8e66f <unknown>
#3 0x56afcaec2d56 <unknown>
#4 0x56afcaebd6c7 <unknown>
#5 0x56afcaebc805 <unknown>
#6 0x56afcae147b8 <unknown>
#7 0x56afcb36af1b <unknown>
#8 0x56afcb36ee19 <unknown>
#9 0x56afcb351ac9 <unknown>
#10 0x56afcb36f9c8 <unknown>
#11 0x56afcb33634f <unknown>
#12 0x56afcae125df <unknown>
#13 0x7ba40cc29d90 <unknown>

2025-06-19 21:29:19,362 - ERROR - Error getting page with JS: Message: invalid session id
Stacktrace:
#0 0x56afcb3a645a <unknown>
#1 0x56afcae4b5b3 <unknown>
#2 0x56afcae8e66f <unknown>
#3 0x56afcaec2d56 <unknown>
#4 0x56afcaebd6c7 <unknown>
#5 0x56afcaebc805 <unknown>
#6 0x56afcae147b8 <unknown>
#7 0x56afcb36af1b <unknown>
#8 0x56afcb36ee19 <unknown>
#9 0x56afcb351ac9 <unknown>
#10 0x56afcb36f9c8 <unknown>
#11 0x56afcb33634f <unknown>
#12 0x56afcae125df <unknown>
#13 0x7ba40cc29d90 <unknown>

2025-06-19 21:29:19,362 - WARNING - Attempt 1 failed: Message: invalid session id
Stacktrace:
#0 0x56afcb3a645a <unknown>
#1 0x56afcae4b5b3 <unknown>
#2 0x56afcae8e66f <unknown>
#3 0x56afcaec2d56 <unknown>
#4 0x56afcaebd6c7 <unknown>
#5 0x56afcaebc805 <unknown>
#6 0x56afcae147b8 <unknown>
#7 0x56afcb36af1b <unknown>
#8 0x56afcb36ee19 <unknown>
#9 0x56afcb351ac9 <unknown>
#10 0x56afcb36f9c8 <unknown>
#11 0x56afcb33634f <unknown>
#12 0x56afcae125df <unknown>
#13 0x7ba40cc29d90 <unknown>

2025-06-19 21:29:21,367 - ERROR - Error getting page with JS: Message: invalid session id
Stacktrace:
#0 0x56afcb3a645a <unknown>
#1 0x56afcae4b5b3 <unknown>
#2 0x56afcae8e66f <unknown>
#3 0x56afcaec2d56 <unknown>
#4 0x56afcaebd6c7 <unknown>
#5 0x56afcaebc805 <unknown>
#6 0x56afcae147b8 <unknown>
#7 0x56afcb36af1b <unknown>
#8 0x56afcb36ee19 <unknown>
#9 0x56afcb351ac9 <unknown>
#10 0x56afcb36f9c8 <unknown>
#11 0x56afcb33634f <unknown>
#12 0x56afcae125df <unknown>
#13 0x7ba40cc29d90 <unknown>

2025-06-19 21:29:21,367 - WARNING - Attempt 2 failed: Message: invalid session id
Stacktrace:
#0 0x56afcb3a645a <unknown>
#1 0x56afcae4b5b3 <unknown>
#2 0x56afcae8e66f <unknown>
#3 0x56afcaec2d56 <unknown>
#4 0x56afcaebd6c7 <unknown>
#5 0x56afcaebc805 <unknown>
#6 0x56afcae147b8 <unknown>
#7 0x56afcb36af1b <unknown>
#8 0x56afcb36ee19 <unknown>
#9 0x56afcb351ac9 <unknown>
#10 0x56afcb36f9c8 <unknown>
#11 0x56afcb33634f <unknown>
#12 0x56afcae125df <unknown>
#13 0x7ba40cc29d90 <unknown>

2025-06-19 21:29:25,375 - ERROR - Error getting page with JS: Message: invalid session id
Stacktrace:
#0 0x56afcb3a645a <unknown>
#1 0x56afcae4b5b3 <unknown>
#2 0x56afcae8e66f <unknown>
#3 0x56afcaec2d56 <unknown>
#4 0x56afcaebd6c7 <unknown>
#5 0x56afcaebc805 <unknown>
#6 0x56afcae147b8 <unknown>
#7 0x56afcb36af1b <unknown>
#8 0x56afcb36ee19 <unknown>
#9 0x56afcb351ac9 <unknown>
#10 0x56afcb36f9c8 <unknown>
#11 0x56afcb33634f <unknown>
#12 0x56afcae125df <unknown>
#13 0x7ba40cc29d90 <unknown>

2025-06-19 21:29:25,375 - WARNING - Attempt 3 failed: Message: invalid session id
Stacktrace:
#0 0x56afcb3a645a <unknown>
#1 0x56afcae4b5b3 <unknown>
#2 0x56afcae8e66f <unknown>
#3 0x56afcaec2d56 <unknown>
#4 0x56afcaebd6c7 <unknown>
#5 0x56afcaebc805 <unknown>
#6 0x56afcae147b8 <unknown>
#7 0x56afcb36af1b <unknown>
#8 0x56afcb36ee19 <unknown>
#9 0x56afcb351ac9 <unknown>
#10 0x56afcb36f9c8 <unknown>
#11 0x56afcb33634f <unknown>
#12 0x56afcae125df <unknown>
#13 0x7ba40cc29d90 <unknown>

2025-06-19 21:29:25,375 - ERROR - Attempt 3 failed for https://interviewing.io/learn#interview-guides: Message: invalid session id
Stacktrace:
#0 0x56afcb3a645a <unknown>
#1 0x56afcae4b5b3 <unknown>
#2 0x56afcae8e66f <unknown>
#3 0x56afcaec2d56 <unknown>
#4 0x56afcaebd6c7 <unknown>
#5 0x56afcaebc805 <unknown>
#6 0x56afcae147b8 <unknown>
#7 0x56afcb36af1b <unknown>
#8 0x56afcb36ee19 <unknown>
#9 0x56afcb351ac9 <unknown>
#10 0x56afcb36f9c8 <unknown>
#11 0x56afcb33634f <unknown>
#12 0x56afcae125df <unknown>
#13 0x7ba40cc29d90 <unknown>

2025-06-19 21:29:25,376 - ERROR - Failed to process https://interviewing.io/learn#interview-guides after all retries
2025-06-19 21:29:25,376 - INFO - 
Testing URL: https://interviewing.io/topics#companies
2025-06-19 21:29:25,379 - ERROR - Error getting page with JS: Message: invalid session id
Stacktrace:
#0 0x56afcb3a645a <unknown>
#1 0x56afcae4b5b3 <unknown>
#2 0x56afcae8e66f <unknown>
#3 0x56afcaec2d56 <unknown>
#4 0x56afcaebd6c7 <unknown>
#5 0x56afcaebc805 <unknown>
#6 0x56afcae147b8 <unknown>
#7 0x56afcb36af1b <unknown>
#8 0x56afcb36ee19 <unknown>
#9 0x56afcb351ac9 <unknown>
#10 0x56afcb36f9c8 <unknown>
#11 0x56afcb33634f <unknown>
#12 0x56afcae125df <unknown>
#13 0x7ba40cc29d90 <unknown>

2025-06-19 21:29:25,379 - WARNING - Attempt 1 failed: Message: invalid session id
Stacktrace:
#0 0x56afcb3a645a <unknown>
#1 0x56afcae4b5b3 <unknown>
#2 0x56afcae8e66f <unknown>
#3 0x56afcaec2d56 <unknown>
#4 0x56afcaebd6c7 <unknown>
#5 0x56afcaebc805 <unknown>
#6 0x56afcae147b8 <unknown>
#7 0x56afcb36af1b <unknown>
#8 0x56afcb36ee19 <unknown>
#9 0x56afcb351ac9 <unknown>
#10 0x56afcb36f9c8 <unknown>
#11 0x56afcb33634f <unknown>
#12 0x56afcae125df <unknown>
#13 0x7ba40cc29d90 <unknown>

2025-06-19 21:29:27,383 - ERROR - Error getting page with JS: Message: invalid session id
Stacktrace:
#0 0x56afcb3a645a <unknown>
#1 0x56afcae4b5b3 <unknown>
#2 0x56afcae8e66f <unknown>
#3 0x56afcaec2d56 <unknown>
#4 0x56afcaebd6c7 <unknown>
#5 0x56afcaebc805 <unknown>
#6 0x56afcae147b8 <unknown>
#7 0x56afcb36af1b <unknown>
#8 0x56afcb36ee19 <unknown>
#9 0x56afcb351ac9 <unknown>
#10 0x56afcb36f9c8 <unknown>
#11 0x56afcb33634f <unknown>
#12 0x56afcae125df <unknown>
#13 0x7ba40cc29d90 <unknown>

2025-06-19 21:29:27,383 - WARNING - Attempt 2 failed: Message: invalid session id
Stacktrace:
#0 0x56afcb3a645a <unknown>
#1 0x56afcae4b5b3 <unknown>
#2 0x56afcae8e66f <unknown>
#3 0x56afcaec2d56 <unknown>
#4 0x56afcaebd6c7 <unknown>
#5 0x56afcaebc805 <unknown>
#6 0x56afcae147b8 <unknown>
#7 0x56afcb36af1b <unknown>
#8 0x56afcb36ee19 <unknown>
#9 0x56afcb351ac9 <unknown>
#10 0x56afcb36f9c8 <unknown>
#11 0x56afcb33634f <unknown>
#12 0x56afcae125df <unknown>
#13 0x7ba40cc29d90 <unknown>

2025-06-19 21:29:31,390 - ERROR - Error getting page with JS: Message: invalid session id
Stacktrace:
#0 0x56afcb3a645a <unknown>
#1 0x56afcae4b5b3 <unknown>
#2 0x56afcae8e66f <unknown>
#3 0x56afcaec2d56 <unknown>
#4 0x56afcaebd6c7 <unknown>
#5 0x56afcaebc805 <unknown>
#6 0x56afcae147b8 <unknown>
#7 0x56afcb36af1b <unknown>
#8 0x56afcb36ee19 <unknown>
#9 0x56afcb351ac9 <unknown>
#10 0x56afcb36f9c8 <unknown>
#11 0x56afcb33634f <unknown>
#12 0x56afcae125df <unknown>
#13 0x7ba40cc29d90 <unknown>

2025-06-19 21:29:31,390 - WARNING - Attempt 3 failed: Message: invalid session id
Stacktrace:
#0 0x56afcb3a645a <unknown>
#1 0x56afcae4b5b3 <unknown>
#2 0x56afcae8e66f <unknown>
#3 0x56afcaec2d56 <unknown>
#4 0x56afcaebd6c7 <unknown>
#5 0x56afcaebc805 <unknown>
#6 0x56afcae147b8 <unknown>
#7 0x56afcb36af1b <unknown>
#8 0x56afcb36ee19 <unknown>
#9 0x56afcb351ac9 <unknown>
#10 0x56afcb36f9c8 <unknown>
#11 0x56afcb33634f <unknown>
#12 0x56afcae125df <unknown>
#13 0x7ba40cc29d90 <unknown>

2025-06-19 21:29:31,390 - ERROR - Attempt 1 failed for https://interviewing.io/topics#companies: Message: invalid session id
Stacktrace:
#0 0x56afcb3a645a <unknown>
#1 0x56afcae4b5b3 <unknown>
#2 0x56afcae8e66f <unknown>
#3 0x56afcaec2d56 <unknown>
#4 0x56afcaebd6c7 <unknown>
#5 0x56afcaebc805 <unknown>
#6 0x56afcae147b8 <unknown>
#7 0x56afcb36af1b <unknown>
#8 0x56afcb36ee19 <unknown>
#9 0x56afcb351ac9 <unknown>
#10 0x56afcb36f9c8 <unknown>
#11 0x56afcb33634f <unknown>
#12 0x56afcae125df <unknown>
#13 0x7ba40cc29d90 <unknown>

2025-06-19 21:29:36,400 - ERROR - Error getting page with JS: Message: invalid session id
Stacktrace:
#0 0x56afcb3a645a <unknown>
#1 0x56afcae4b5b3 <unknown>
#2 0x56afcae8e66f <unknown>
#3 0x56afcaec2d56 <unknown>
#4 0x56afcaebd6c7 <unknown>
#5 0x56afcaebc805 <unknown>
#6 0x56afcae147b8 <unknown>
#7 0x56afcb36af1b <unknown>
#8 0x56afcb36ee19 <unknown>
#9 0x56afcb351ac9 <unknown>
#10 0x56afcb36f9c8 <unknown>
#11 0x56afcb33634f <unknown>
#12 0x56afcae125df <unknown>
#13 0x7ba40cc29d90 <unknown>

2025-06-19 21:29:36,401 - WARNING - Attempt 1 failed: Message: invalid session id
Stacktrace:
#0 0x56afcb3a645a <unknown>
#1 0x56afcae4b5b3 <unknown>
#2 0x56afcae8e66f <unknown>
#3 0x56afcaec2d56 <unknown>
#4 0x56afcaebd6c7 <unknown>
#5 0x56afcaebc805 <unknown>
#6 0x56afcae147b8 <unknown>
#7 0x56afcb36af1b <unknown>
#8 0x56afcb36ee19 <unknown>
#9 0x56afcb351ac9 <unknown>
#10 0x56afcb36f9c8 <unknown>
#11 0x56afcb33634f <unknown>
#12 0x56afcae125df <unknown>
#13 0x7ba40cc29d90 <unknown>

2025-06-19 21:29:38,404 - ERROR - Error getting page with JS: Message: invalid session id
Stacktrace:
#0 0x56afcb3a645a <unknown>
#1 0x56afcae4b5b3 <unknown>
#2 0x56afcae8e66f <unknown>
#3 0x56afcaec2d56 <unknown>
#4 0x56afcaebd6c7 <unknown>
#5 0x56afcaebc805 <unknown>
#6 0x56afcae147b8 <unknown>
#7 0x56afcb36af1b <unknown>
#8 0x56afcb36ee19 <unknown>
#9 0x56afcb351ac9 <unknown>
#10 0x56afcb36f9c8 <unknown>
#11 0x56afcb33634f <unknown>
#12 0x56afcae125df <unknown>
#13 0x7ba40cc29d90 <unknown>

2025-06-19 21:29:38,405 - WARNING - Attempt 2 failed: Message: invalid session id
Stacktrace:
#0 0x56afcb3a645a <unknown>
#1 0x56afcae4b5b3 <unknown>
#2 0x56afcae8e66f <unknown>
#3 0x56afcaec2d56 <unknown>
#4 0x56afcaebd6c7 <unknown>
#5 0x56afcaebc805 <unknown>
#6 0x56afcae147b8 <unknown>
#7 0x56afcb36af1b <unknown>
#8 0x56afcb36ee19 <unknown>
#9 0x56afcb351ac9 <unknown>
#10 0x56afcb36f9c8 <unknown>
#11 0x56afcb33634f <unknown>
#12 0x56afcae125df <unknown>
#13 0x7ba40cc29d90 <unknown>

2025-06-19 21:29:42,412 - ERROR - Error getting page with JS: Message: invalid session id
Stacktrace:
#0 0x56afcb3a645a <unknown>
#1 0x56afcae4b5b3 <unknown>
#2 0x56afcae8e66f <unknown>
#3 0x56afcaec2d56 <unknown>
#4 0x56afcaebd6c7 <unknown>
#5 0x56afcaebc805 <unknown>
#6 0x56afcae147b8 <unknown>
#7 0x56afcb36af1b <unknown>
#8 0x56afcb36ee19 <unknown>
#9 0x56afcb351ac9 <unknown>
#10 0x56afcb36f9c8 <unknown>
#11 0x56afcb33634f <unknown>
#12 0x56afcae125df <unknown>
#13 0x7ba40cc29d90 <unknown>

2025-06-19 21:29:42,412 - WARNING - Attempt 3 failed: Message: invalid session id
Stacktrace:
#0 0x56afcb3a645a <unknown>
#1 0x56afcae4b5b3 <unknown>
#2 0x56afcae8e66f <unknown>
#3 0x56afcaec2d56 <unknown>
#4 0x56afcaebd6c7 <unknown>
#5 0x56afcaebc805 <unknown>
#6 0x56afcae147b8 <unknown>
#7 0x56afcb36af1b <unknown>
#8 0x56afcb36ee19 <unknown>
#9 0x56afcb351ac9 <unknown>
#10 0x56afcb36f9c8 <unknown>
#11 0x56afcb33634f <unknown>
#12 0x56afcae125df <unknown>
#13 0x7ba40cc29d90 <unknown>

2025-06-19 21:29:42,412 - ERROR - Attempt 2 failed for https://interviewing.io/topics#companies: Message: invalid session id
Stacktrace:
#0 0x56afcb3a645a <unknown>
#1 0x56afcae4b5b3 <unknown>
#2 0x56afcae8e66f <unknown>
#3 0x56afcaec2d56 <unknown>
#4 0x56afcaebd6c7 <unknown>
#5 0x56afcaebc805 <unknown>
#6 0x56afcae147b8 <unknown>
#7 0x56afcb36af1b <unknown>
#8 0x56afcb36ee19 <unknown>
#9 0x56afcb351ac9 <unknown>
#10 0x56afcb36f9c8 <unknown>
#11 0x56afcb33634f <unknown>
#12 0x56afcae125df <unknown>
#13 0x7ba40cc29d90 <unknown>

2025-06-19 21:29:52,428 - ERROR - Error getting page with JS: Message: invalid session id
Stacktrace:
#0 0x56afcb3a645a <unknown>
#1 0x56afcae4b5b3 <unknown>
#2 0x56afcae8e66f <unknown>
#3 0x56afcaec2d56 <unknown>
#4 0x56afcaebd6c7 <unknown>
#5 0x56afcaebc805 <unknown>
#6 0x56afcae147b8 <unknown>
#7 0x56afcb36af1b <unknown>
#8 0x56afcb36ee19 <unknown>
#9 0x56afcb351ac9 <unknown>
#10 0x56afcb36f9c8 <unknown>
#11 0x56afcb33634f <unknown>
#12 0x56afcae125df <unknown>
#13 0x7ba40cc29d90 <unknown>

2025-06-19 21:29:52,428 - WARNING - Attempt 1 failed: Message: invalid session id
Stacktrace:
#0 0x56afcb3a645a <unknown>
#1 0x56afcae4b5b3 <unknown>
#2 0x56afcae8e66f <unknown>
#3 0x56afcaec2d56 <unknown>
#4 0x56afcaebd6c7 <unknown>
#5 0x56afcaebc805 <unknown>
#6 0x56afcae147b8 <unknown>
#7 0x56afcb36af1b <unknown>
#8 0x56afcb36ee19 <unknown>
#9 0x56afcb351ac9 <unknown>
#10 0x56afcb36f9c8 <unknown>
#11 0x56afcb33634f <unknown>
#12 0x56afcae125df <unknown>
#13 0x7ba40cc29d90 <unknown>

2025-06-19 21:29:54,433 - ERROR - Error getting page with JS: Message: invalid session id
Stacktrace:
#0 0x56afcb3a645a <unknown>
#1 0x56afcae4b5b3 <unknown>
#2 0x56afcae8e66f <unknown>
#3 0x56afcaec2d56 <unknown>
#4 0x56afcaebd6c7 <unknown>
#5 0x56afcaebc805 <unknown>
#6 0x56afcae147b8 <unknown>
#7 0x56afcb36af1b <unknown>
#8 0x56afcb36ee19 <unknown>
#9 0x56afcb351ac9 <unknown>
#10 0x56afcb36f9c8 <unknown>
#11 0x56afcb33634f <unknown>
#12 0x56afcae125df <unknown>
#13 0x7ba40cc29d90 <unknown>

2025-06-19 21:29:54,433 - WARNING - Attempt 2 failed: Message: invalid session id
Stacktrace:
#0 0x56afcb3a645a <unknown>
#1 0x56afcae4b5b3 <unknown>
#2 0x56afcae8e66f <unknown>
#3 0x56afcaec2d56 <unknown>
#4 0x56afcaebd6c7 <unknown>
#5 0x56afcaebc805 <unknown>
#6 0x56afcae147b8 <unknown>
#7 0x56afcb36af1b <unknown>
#8 0x56afcb36ee19 <unknown>
#9 0x56afcb351ac9 <unknown>
#10 0x56afcb36f9c8 <unknown>
#11 0x56afcb33634f <unknown>
#12 0x56afcae125df <unknown>
#13 0x7ba40cc29d90 <unknown>

2025-06-19 21:29:58,442 - ERROR - Error getting page with JS: Message: invalid session id
Stacktrace:
#0 0x56afcb3a645a <unknown>
#1 0x56afcae4b5b3 <unknown>
#2 0x56afcae8e66f <unknown>
#3 0x56afcaec2d56 <unknown>
#4 0x56afcaebd6c7 <unknown>
#5 0x56afcaebc805 <unknown>
#6 0x56afcae147b8 <unknown>
#7 0x56afcb36af1b <unknown>
#8 0x56afcb36ee19 <unknown>
#9 0x56afcb351ac9 <unknown>
#10 0x56afcb36f9c8 <unknown>
#11 0x56afcb33634f <unknown>
#12 0x56afcae125df <unknown>
#13 0x7ba40cc29d90 <unknown>

2025-06-19 21:29:58,442 - WARNING - Attempt 3 failed: Message: invalid session id
Stacktrace:
#0 0x56afcb3a645a <unknown>
#1 0x56afcae4b5b3 <unknown>
#2 0x56afcae8e66f <unknown>
#3 0x56afcaec2d56 <unknown>
#4 0x56afcaebd6c7 <unknown>
#5 0x56afcaebc805 <unknown>
#6 0x56afcae147b8 <unknown>
#7 0x56afcb36af1b <unknown>
#8 0x56afcb36ee19 <unknown>
#9 0x56afcb351ac9 <unknown>
#10 0x56afcb36f9c8 <unknown>
#11 0x56afcb33634f <unknown>
#12 0x56afcae125df <unknown>
#13 0x7ba40cc29d90 <unknown>

2025-06-19 21:29:58,442 - ERROR - Attempt 3 failed for https://interviewing.io/topics#companies: Message: invalid session id
Stacktrace:
#0 0x56afcb3a645a <unknown>
#1 0x56afcae4b5b3 <unknown>
#2 0x56afcae8e66f <unknown>
#3 0x56afcaec2d56 <unknown>
#4 0x56afcaebd6c7 <unknown>
#5 0x56afcaebc805 <unknown>
#6 0x56afcae147b8 <unknown>
#7 0x56afcb36af1b <unknown>
#8 0x56afcb36ee19 <unknown>
#9 0x56afcb351ac9 <unknown>
#10 0x56afcb36f9c8 <unknown>
#11 0x56afcb33634f <unknown>
#12 0x56afcae125df <unknown>
#13 0x7ba40cc29d90 <unknown>

2025-06-19 21:29:58,442 - ERROR - Failed to process https://interviewing.io/topics#companies after all retries
2025-06-19 21:29:58,442 - INFO - 
Testing URL: https://www.geeksforgeeks.org/tag/interview-experiences/
2025-06-19 21:29:58,446 - ERROR - Error getting page with JS: Message: invalid session id
Stacktrace:
#0 0x56afcb3a645a <unknown>
#1 0x56afcae4b5b3 <unknown>
#2 0x56afcae8e66f <unknown>
#3 0x56afcaec2d56 <unknown>
#4 0x56afcaebd6c7 <unknown>
#5 0x56afcaebc805 <unknown>
#6 0x56afcae147b8 <unknown>
#7 0x56afcb36af1b <unknown>
#8 0x56afcb36ee19 <unknown>
#9 0x56afcb351ac9 <unknown>
#10 0x56afcb36f9c8 <unknown>
#11 0x56afcb33634f <unknown>
#12 0x56afcae125df <unknown>
#13 0x7ba40cc29d90 <unknown>

2025-06-19 21:29:58,446 - WARNING - Attempt 1 failed: Message: invalid session id
Stacktrace:
#0 0x56afcb3a645a <unknown>
#1 0x56afcae4b5b3 <unknown>
#2 0x56afcae8e66f <unknown>
#3 0x56afcaec2d56 <unknown>
#4 0x56afcaebd6c7 <unknown>
#5 0x56afcaebc805 <unknown>
#6 0x56afcae147b8 <unknown>
#7 0x56afcb36af1b <unknown>
#8 0x56afcb36ee19 <unknown>
#9 0x56afcb351ac9 <unknown>
#10 0x56afcb36f9c8 <unknown>
#11 0x56afcb33634f <unknown>
#12 0x56afcae125df <unknown>
#13 0x7ba40cc29d90 <unknown>

2025-06-19 21:30:00,452 - ERROR - Error getting page with JS: Message: invalid session id
Stacktrace:
#0 0x56afcb3a645a <unknown>
#1 0x56afcae4b5b3 <unknown>
#2 0x56afcae8e66f <unknown>
#3 0x56afcaec2d56 <unknown>
#4 0x56afcaebd6c7 <unknown>
#5 0x56afcaebc805 <unknown>
#6 0x56afcae147b8 <unknown>
#7 0x56afcb36af1b <unknown>
#8 0x56afcb36ee19 <unknown>
#9 0x56afcb351ac9 <unknown>
#10 0x56afcb36f9c8 <unknown>
#11 0x56afcb33634f <unknown>
#12 0x56afcae125df <unknown>
#13 0x7ba40cc29d90 <unknown>

2025-06-19 21:30:00,452 - WARNING - Attempt 2 failed: Message: invalid session id
Stacktrace:
#0 0x56afcb3a645a <unknown>
#1 0x56afcae4b5b3 <unknown>
#2 0x56afcae8e66f <unknown>
#3 0x56afcaec2d56 <unknown>
#4 0x56afcaebd6c7 <unknown>
#5 0x56afcaebc805 <unknown>
#6 0x56afcae147b8 <unknown>
#7 0x56afcb36af1b <unknown>
#8 0x56afcb36ee19 <unknown>
#9 0x56afcb351ac9 <unknown>
#10 0x56afcb36f9c8 <unknown>
#11 0x56afcb33634f <unknown>
#12 0x56afcae125df <unknown>
#13 0x7ba40cc29d90 <unknown>

2025-06-19 21:30:04,459 - ERROR - Error getting page with JS: Message: invalid session id
Stacktrace:
#0 0x56afcb3a645a <unknown>
#1 0x56afcae4b5b3 <unknown>
#2 0x56afcae8e66f <unknown>
#3 0x56afcaec2d56 <unknown>
#4 0x56afcaebd6c7 <unknown>
#5 0x56afcaebc805 <unknown>
#6 0x56afcae147b8 <unknown>
#7 0x56afcb36af1b <unknown>
#8 0x56afcb36ee19 <unknown>
#9 0x56afcb351ac9 <unknown>
#10 0x56afcb36f9c8 <unknown>
#11 0x56afcb33634f <unknown>
#12 0x56afcae125df <unknown>
#13 0x7ba40cc29d90 <unknown>

2025-06-19 21:30:04,459 - WARNING - Attempt 3 failed: Message: invalid session id
Stacktrace:
#0 0x56afcb3a645a <unknown>
#1 0x56afcae4b5b3 <unknown>
#2 0x56afcae8e66f <unknown>
#3 0x56afcaec2d56 <unknown>
#4 0x56afcaebd6c7 <unknown>
#5 0x56afcaebc805 <unknown>
#6 0x56afcae147b8 <unknown>
#7 0x56afcb36af1b <unknown>
#8 0x56afcb36ee19 <unknown>
#9 0x56afcb351ac9 <unknown>
#10 0x56afcb36f9c8 <unknown>
#11 0x56afcb33634f <unknown>
#12 0x56afcae125df <unknown>
#13 0x7ba40cc29d90 <unknown>

2025-06-19 21:30:04,459 - ERROR - Attempt 1 failed for https://www.geeksforgeeks.org/tag/interview-experiences/: Message: invalid session id
Stacktrace:
#0 0x56afcb3a645a <unknown>
#1 0x56afcae4b5b3 <unknown>
#2 0x56afcae8e66f <unknown>
#3 0x56afcaec2d56 <unknown>
#4 0x56afcaebd6c7 <unknown>
#5 0x56afcaebc805 <unknown>
#6 0x56afcae147b8 <unknown>
#7 0x56afcb36af1b <unknown>
#8 0x56afcb36ee19 <unknown>
#9 0x56afcb351ac9 <unknown>
#10 0x56afcb36f9c8 <unknown>
#11 0x56afcb33634f <unknown>
#12 0x56afcae125df <unknown>
#13 0x7ba40cc29d90 <unknown>

2025-06-19 21:30:09,469 - ERROR - Error getting page with JS: Message: invalid session id
Stacktrace:
#0 0x56afcb3a645a <unknown>
#1 0x56afcae4b5b3 <unknown>
#2 0x56afcae8e66f <unknown>
#3 0x56afcaec2d56 <unknown>
#4 0x56afcaebd6c7 <unknown>
#5 0x56afcaebc805 <unknown>
#6 0x56afcae147b8 <unknown>
#7 0x56afcb36af1b <unknown>
#8 0x56afcb36ee19 <unknown>
#9 0x56afcb351ac9 <unknown>
#10 0x56afcb36f9c8 <unknown>
#11 0x56afcb33634f <unknown>
#12 0x56afcae125df <unknown>
#13 0x7ba40cc29d90 <unknown>

2025-06-19 21:30:09,469 - WARNING - Attempt 1 failed: Message: invalid session id
Stacktrace:
#0 0x56afcb3a645a <unknown>
#1 0x56afcae4b5b3 <unknown>
#2 0x56afcae8e66f <unknown>
#3 0x56afcaec2d56 <unknown>
#4 0x56afcaebd6c7 <unknown>
#5 0x56afcaebc805 <unknown>
#6 0x56afcae147b8 <unknown>
#7 0x56afcb36af1b <unknown>
#8 0x56afcb36ee19 <unknown>
#9 0x56afcb351ac9 <unknown>
#10 0x56afcb36f9c8 <unknown>
#11 0x56afcb33634f <unknown>
#12 0x56afcae125df <unknown>
#13 0x7ba40cc29d90 <unknown>

2025-06-19 21:30:11,474 - ERROR - Error getting page with JS: Message: invalid session id
Stacktrace:
#0 0x56afcb3a645a <unknown>
#1 0x56afcae4b5b3 <unknown>
#2 0x56afcae8e66f <unknown>
#3 0x56afcaec2d56 <unknown>
#4 0x56afcaebd6c7 <unknown>
#5 0x56afcaebc805 <unknown>
#6 0x56afcae147b8 <unknown>
#7 0x56afcb36af1b <unknown>
#8 0x56afcb36ee19 <unknown>
#9 0x56afcb351ac9 <unknown>
#10 0x56afcb36f9c8 <unknown>
#11 0x56afcb33634f <unknown>
#12 0x56afcae125df <unknown>
#13 0x7ba40cc29d90 <unknown>

2025-06-19 21:30:11,474 - WARNING - Attempt 2 failed: Message: invalid session id
Stacktrace:
#0 0x56afcb3a645a <unknown>
#1 0x56afcae4b5b3 <unknown>
#2 0x56afcae8e66f <unknown>
#3 0x56afcaec2d56 <unknown>
#4 0x56afcaebd6c7 <unknown>
#5 0x56afcaebc805 <unknown>
#6 0x56afcae147b8 <unknown>
#7 0x56afcb36af1b <unknown>
#8 0x56afcb36ee19 <unknown>
#9 0x56afcb351ac9 <unknown>
#10 0x56afcb36f9c8 <unknown>
#11 0x56afcb33634f <unknown>
#12 0x56afcae125df <unknown>
#13 0x7ba40cc29d90 <unknown>

2025-06-19 21:30:15,480 - ERROR - Error getting page with JS: Message: invalid session id
Stacktrace:
#0 0x56afcb3a645a <unknown>
#1 0x56afcae4b5b3 <unknown>
#2 0x56afcae8e66f <unknown>
#3 0x56afcaec2d56 <unknown>
#4 0x56afcaebd6c7 <unknown>
#5 0x56afcaebc805 <unknown>
#6 0x56afcae147b8 <unknown>
#7 0x56afcb36af1b <unknown>
#8 0x56afcb36ee19 <unknown>
#9 0x56afcb351ac9 <unknown>
#10 0x56afcb36f9c8 <unknown>
#11 0x56afcb33634f <unknown>
#12 0x56afcae125df <unknown>
#13 0x7ba40cc29d90 <unknown>

2025-06-19 21:30:15,481 - WARNING - Attempt 3 failed: Message: invalid session id
Stacktrace:
#0 0x56afcb3a645a <unknown>
#1 0x56afcae4b5b3 <unknown>
#2 0x56afcae8e66f <unknown>
#3 0x56afcaec2d56 <unknown>
#4 0x56afcaebd6c7 <unknown>
#5 0x56afcaebc805 <unknown>
#6 0x56afcae147b8 <unknown>
#7 0x56afcb36af1b <unknown>
#8 0x56afcb36ee19 <unknown>
#9 0x56afcb351ac9 <unknown>
#10 0x56afcb36f9c8 <unknown>
#11 0x56afcb33634f <unknown>
#12 0x56afcae125df <unknown>
#13 0x7ba40cc29d90 <unknown>

2025-06-19 21:30:15,481 - ERROR - Attempt 2 failed for https://www.geeksforgeeks.org/tag/interview-experiences/: Message: invalid session id
Stacktrace:
#0 0x56afcb3a645a <unknown>
#1 0x56afcae4b5b3 <unknown>
#2 0x56afcae8e66f <unknown>
#3 0x56afcaec2d56 <unknown>
#4 0x56afcaebd6c7 <unknown>
#5 0x56afcaebc805 <unknown>
#6 0x56afcae147b8 <unknown>
#7 0x56afcb36af1b <unknown>
#8 0x56afcb36ee19 <unknown>
#9 0x56afcb351ac9 <unknown>
#10 0x56afcb36f9c8 <unknown>
#11 0x56afcb33634f <unknown>
#12 0x56afcae125df <unknown>
#13 0x7ba40cc29d90 <unknown>

2025-06-19 21:30:25,495 - ERROR - Error getting page with JS: Message: invalid session id
Stacktrace:
#0 0x56afcb3a645a <unknown>
#1 0x56afcae4b5b3 <unknown>
#2 0x56afcae8e66f <unknown>
#3 0x56afcaec2d56 <unknown>
#4 0x56afcaebd6c7 <unknown>
#5 0x56afcaebc805 <unknown>
#6 0x56afcae147b8 <unknown>
#7 0x56afcb36af1b <unknown>
#8 0x56afcb36ee19 <unknown>
#9 0x56afcb351ac9 <unknown>
#10 0x56afcb36f9c8 <unknown>
#11 0x56afcb33634f <unknown>
#12 0x56afcae125df <unknown>
#13 0x7ba40cc29d90 <unknown>

2025-06-19 21:30:25,495 - WARNING - Attempt 1 failed: Message: invalid session id
Stacktrace:
#0 0x56afcb3a645a <unknown>
#1 0x56afcae4b5b3 <unknown>
#2 0x56afcae8e66f <unknown>
#3 0x56afcaec2d56 <unknown>
#4 0x56afcaebd6c7 <unknown>
#5 0x56afcaebc805 <unknown>
#6 0x56afcae147b8 <unknown>
#7 0x56afcb36af1b <unknown>
#8 0x56afcb36ee19 <unknown>
#9 0x56afcb351ac9 <unknown>
#10 0x56afcb36f9c8 <unknown>
#11 0x56afcb33634f <unknown>
#12 0x56afcae125df <unknown>
#13 0x7ba40cc29d90 <unknown>

2025-06-19 21:30:27,499 - ERROR - Error getting page with JS: Message: invalid session id
Stacktrace:
#0 0x56afcb3a645a <unknown>
#1 0x56afcae4b5b3 <unknown>
#2 0x56afcae8e66f <unknown>
#3 0x56afcaec2d56 <unknown>
#4 0x56afcaebd6c7 <unknown>
#5 0x56afcaebc805 <unknown>
#6 0x56afcae147b8 <unknown>
#7 0x56afcb36af1b <unknown>
#8 0x56afcb36ee19 <unknown>
#9 0x56afcb351ac9 <unknown>
#10 0x56afcb36f9c8 <unknown>
#11 0x56afcb33634f <unknown>
#12 0x56afcae125df <unknown>
#13 0x7ba40cc29d90 <unknown>

2025-06-19 21:30:27,500 - WARNING - Attempt 2 failed: Message: invalid session id
Stacktrace:
#0 0x56afcb3a645a <unknown>
#1 0x56afcae4b5b3 <unknown>
#2 0x56afcae8e66f <unknown>
#3 0x56afcaec2d56 <unknown>
#4 0x56afcaebd6c7 <unknown>
#5 0x56afcaebc805 <unknown>
#6 0x56afcae147b8 <unknown>
#7 0x56afcb36af1b <unknown>
#8 0x56afcb36ee19 <unknown>
#9 0x56afcb351ac9 <unknown>
#10 0x56afcb36f9c8 <unknown>
#11 0x56afcb33634f <unknown>
#12 0x56afcae125df <unknown>
#13 0x7ba40cc29d90 <unknown>

2025-06-19 21:30:31,506 - ERROR - Error getting page with JS: Message: invalid session id
Stacktrace:
#0 0x56afcb3a645a <unknown>
#1 0x56afcae4b5b3 <unknown>
#2 0x56afcae8e66f <unknown>
#3 0x56afcaec2d56 <unknown>
#4 0x56afcaebd6c7 <unknown>
#5 0x56afcaebc805 <unknown>
#6 0x56afcae147b8 <unknown>
#7 0x56afcb36af1b <unknown>
#8 0x56afcb36ee19 <unknown>
#9 0x56afcb351ac9 <unknown>
#10 0x56afcb36f9c8 <unknown>
#11 0x56afcb33634f <unknown>
#12 0x56afcae125df <unknown>
#13 0x7ba40cc29d90 <unknown>

2025-06-19 21:30:31,507 - WARNING - Attempt 3 failed: Message: invalid session id
Stacktrace:
#0 0x56afcb3a645a <unknown>
#1 0x56afcae4b5b3 <unknown>
#2 0x56afcae8e66f <unknown>
#3 0x56afcaec2d56 <unknown>
#4 0x56afcaebd6c7 <unknown>
#5 0x56afcaebc805 <unknown>
#6 0x56afcae147b8 <unknown>
#7 0x56afcb36af1b <unknown>
#8 0x56afcb36ee19 <unknown>
#9 0x56afcb351ac9 <unknown>
#10 0x56afcb36f9c8 <unknown>
#11 0x56afcb33634f <unknown>
#12 0x56afcae125df <unknown>
#13 0x7ba40cc29d90 <unknown>

2025-06-19 21:30:31,507 - ERROR - Attempt 3 failed for https://www.geeksforgeeks.org/tag/interview-experiences/: Message: invalid session id
Stacktrace:
#0 0x56afcb3a645a <unknown>
#1 0x56afcae4b5b3 <unknown>
#2 0x56afcae8e66f <unknown>
#3 0x56afcaec2d56 <unknown>
#4 0x56afcaebd6c7 <unknown>
#5 0x56afcaebc805 <unknown>
#6 0x56afcae147b8 <unknown>
#7 0x56afcb36af1b <unknown>
#8 0x56afcb36ee19 <unknown>
#9 0x56afcb351ac9 <unknown>
#10 0x56afcb36f9c8 <unknown>
#11 0x56afcb33634f <unknown>
#12 0x56afcae125df <unknown>
#13 0x7ba40cc29d90 <unknown>

2025-06-19 21:30:31,507 - ERROR - Failed to process https://www.geeksforgeeks.org/tag/interview-experiences/ after all retries
2025-06-19 21:30:31,507 - INFO - 
Testing URL: https://nilmamano.com/blog/category/dsa
2025-06-19 21:30:31,510 - ERROR - Error getting page with JS: Message: invalid session id
Stacktrace:
#0 0x56afcb3a645a <unknown>
#1 0x56afcae4b5b3 <unknown>
#2 0x56afcae8e66f <unknown>
#3 0x56afcaec2d56 <unknown>
#4 0x56afcaebd6c7 <unknown>
#5 0x56afcaebc805 <unknown>
#6 0x56afcae147b8 <unknown>
#7 0x56afcb36af1b <unknown>
#8 0x56afcb36ee19 <unknown>
#9 0x56afcb351ac9 <unknown>
#10 0x56afcb36f9c8 <unknown>
#11 0x56afcb33634f <unknown>
#12 0x56afcae125df <unknown>
#13 0x7ba40cc29d90 <unknown>

2025-06-19 21:30:31,511 - WARNING - Attempt 1 failed: Message: invalid session id
Stacktrace:
#0 0x56afcb3a645a <unknown>
#1 0x56afcae4b5b3 <unknown>
#2 0x56afcae8e66f <unknown>
#3 0x56afcaec2d56 <unknown>
#4 0x56afcaebd6c7 <unknown>
#5 0x56afcaebc805 <unknown>
#6 0x56afcae147b8 <unknown>
#7 0x56afcb36af1b <unknown>
#8 0x56afcb36ee19 <unknown>
#9 0x56afcb351ac9 <unknown>
#10 0x56afcb36f9c8 <unknown>
#11 0x56afcb33634f <unknown>
#12 0x56afcae125df <unknown>
#13 0x7ba40cc29d90 <unknown>

2025-06-19 21:30:33,515 - ERROR - Error getting page with JS: Message: invalid session id
Stacktrace:
#0 0x56afcb3a645a <unknown>
#1 0x56afcae4b5b3 <unknown>
#2 0x56afcae8e66f <unknown>
#3 0x56afcaec2d56 <unknown>
#4 0x56afcaebd6c7 <unknown>
#5 0x56afcaebc805 <unknown>
#6 0x56afcae147b8 <unknown>
#7 0x56afcb36af1b <unknown>
#8 0x56afcb36ee19 <unknown>
#9 0x56afcb351ac9 <unknown>
#10 0x56afcb36f9c8 <unknown>
#11 0x56afcb33634f <unknown>
#12 0x56afcae125df <unknown>
#13 0x7ba40cc29d90 <unknown>

2025-06-19 21:30:33,515 - WARNING - Attempt 2 failed: Message: invalid session id
Stacktrace:
#0 0x56afcb3a645a <unknown>
#1 0x56afcae4b5b3 <unknown>
#2 0x56afcae8e66f <unknown>
#3 0x56afcaec2d56 <unknown>
#4 0x56afcaebd6c7 <unknown>
#5 0x56afcaebc805 <unknown>
#6 0x56afcae147b8 <unknown>
#7 0x56afcb36af1b <unknown>
#8 0x56afcb36ee19 <unknown>
#9 0x56afcb351ac9 <unknown>
#10 0x56afcb36f9c8 <unknown>
#11 0x56afcb33634f <unknown>
#12 0x56afcae125df <unknown>
#13 0x7ba40cc29d90 <unknown>

2025-06-19 21:30:37,522 - ERROR - Error getting page with JS: Message: invalid session id
Stacktrace:
#0 0x56afcb3a645a <unknown>
#1 0x56afcae4b5b3 <unknown>
#2 0x56afcae8e66f <unknown>
#3 0x56afcaec2d56 <unknown>
#4 0x56afcaebd6c7 <unknown>
#5 0x56afcaebc805 <unknown>
#6 0x56afcae147b8 <unknown>
#7 0x56afcb36af1b <unknown>
#8 0x56afcb36ee19 <unknown>
#9 0x56afcb351ac9 <unknown>
#10 0x56afcb36f9c8 <unknown>
#11 0x56afcb33634f <unknown>
#12 0x56afcae125df <unknown>
#13 0x7ba40cc29d90 <unknown>

2025-06-19 21:30:37,522 - WARNING - Attempt 3 failed: Message: invalid session id
Stacktrace:
#0 0x56afcb3a645a <unknown>
#1 0x56afcae4b5b3 <unknown>
#2 0x56afcae8e66f <unknown>
#3 0x56afcaec2d56 <unknown>
#4 0x56afcaebd6c7 <unknown>
#5 0x56afcaebc805 <unknown>
#6 0x56afcae147b8 <unknown>
#7 0x56afcb36af1b <unknown>
#8 0x56afcb36ee19 <unknown>
#9 0x56afcb351ac9 <unknown>
#10 0x56afcb36f9c8 <unknown>
#11 0x56afcb33634f <unknown>
#12 0x56afcae125df <unknown>
#13 0x7ba40cc29d90 <unknown>

2025-06-19 21:30:37,522 - ERROR - Attempt 1 failed for https://nilmamano.com/blog/category/dsa: Message: invalid session id
Stacktrace:
#0 0x56afcb3a645a <unknown>
#1 0x56afcae4b5b3 <unknown>
#2 0x56afcae8e66f <unknown>
#3 0x56afcaec2d56 <unknown>
#4 0x56afcaebd6c7 <unknown>
#5 0x56afcaebc805 <unknown>
#6 0x56afcae147b8 <unknown>
#7 0x56afcb36af1b <unknown>
#8 0x56afcb36ee19 <unknown>
#9 0x56afcb351ac9 <unknown>
#10 0x56afcb36f9c8 <unknown>
#11 0x56afcb33634f <unknown>
#12 0x56afcae125df <unknown>
#13 0x7ba40cc29d90 <unknown>

2025-06-19 21:30:42,532 - ERROR - Error getting page with JS: Message: invalid session id
Stacktrace:
#0 0x56afcb3a645a <unknown>
#1 0x56afcae4b5b3 <unknown>
#2 0x56afcae8e66f <unknown>
#3 0x56afcaec2d56 <unknown>
#4 0x56afcaebd6c7 <unknown>
#5 0x56afcaebc805 <unknown>
#6 0x56afcae147b8 <unknown>
#7 0x56afcb36af1b <unknown>
#8 0x56afcb36ee19 <unknown>
#9 0x56afcb351ac9 <unknown>
#10 0x56afcb36f9c8 <unknown>
#11 0x56afcb33634f <unknown>
#12 0x56afcae125df <unknown>
#13 0x7ba40cc29d90 <unknown>

2025-06-19 21:30:42,532 - WARNING - Attempt 1 failed: Message: invalid session id
Stacktrace:
#0 0x56afcb3a645a <unknown>
#1 0x56afcae4b5b3 <unknown>
#2 0x56afcae8e66f <unknown>
#3 0x56afcaec2d56 <unknown>
#4 0x56afcaebd6c7 <unknown>
#5 0x56afcaebc805 <unknown>
#6 0x56afcae147b8 <unknown>
#7 0x56afcb36af1b <unknown>
#8 0x56afcb36ee19 <unknown>
#9 0x56afcb351ac9 <unknown>
#10 0x56afcb36f9c8 <unknown>
#11 0x56afcb33634f <unknown>
#12 0x56afcae125df <unknown>
#13 0x7ba40cc29d90 <unknown>

2025-06-19 21:30:44,537 - ERROR - Error getting page with JS: Message: invalid session id
Stacktrace:
#0 0x56afcb3a645a <unknown>
#1 0x56afcae4b5b3 <unknown>
#2 0x56afcae8e66f <unknown>
#3 0x56afcaec2d56 <unknown>
#4 0x56afcaebd6c7 <unknown>
#5 0x56afcaebc805 <unknown>
#6 0x56afcae147b8 <unknown>
#7 0x56afcb36af1b <unknown>
#8 0x56afcb36ee19 <unknown>
#9 0x56afcb351ac9 <unknown>
#10 0x56afcb36f9c8 <unknown>
#11 0x56afcb33634f <unknown>
#12 0x56afcae125df <unknown>
#13 0x7ba40cc29d90 <unknown>

2025-06-19 21:30:44,537 - WARNING - Attempt 2 failed: Message: invalid session id
Stacktrace:
#0 0x56afcb3a645a <unknown>
#1 0x56afcae4b5b3 <unknown>
#2 0x56afcae8e66f <unknown>
#3 0x56afcaec2d56 <unknown>
#4 0x56afcaebd6c7 <unknown>
#5 0x56afcaebc805 <unknown>
#6 0x56afcae147b8 <unknown>
#7 0x56afcb36af1b <unknown>
#8 0x56afcb36ee19 <unknown>
#9 0x56afcb351ac9 <unknown>
#10 0x56afcb36f9c8 <unknown>
#11 0x56afcb33634f <unknown>
#12 0x56afcae125df <unknown>
#13 0x7ba40cc29d90 <unknown>

2025-06-19 21:30:48,544 - ERROR - Error getting page with JS: Message: invalid session id
Stacktrace:
#0 0x56afcb3a645a <unknown>
#1 0x56afcae4b5b3 <unknown>
#2 0x56afcae8e66f <unknown>
#3 0x56afcaec2d56 <unknown>
#4 0x56afcaebd6c7 <unknown>
#5 0x56afcaebc805 <unknown>
#6 0x56afcae147b8 <unknown>
#7 0x56afcb36af1b <unknown>
#8 0x56afcb36ee19 <unknown>
#9 0x56afcb351ac9 <unknown>
#10 0x56afcb36f9c8 <unknown>
#11 0x56afcb33634f <unknown>
#12 0x56afcae125df <unknown>
#13 0x7ba40cc29d90 <unknown>

2025-06-19 21:30:48,544 - WARNING - Attempt 3 failed: Message: invalid session id
Stacktrace:
#0 0x56afcb3a645a <unknown>
#1 0x56afcae4b5b3 <unknown>
#2 0x56afcae8e66f <unknown>
#3 0x56afcaec2d56 <unknown>
#4 0x56afcaebd6c7 <unknown>
#5 0x56afcaebc805 <unknown>
#6 0x56afcae147b8 <unknown>
#7 0x56afcb36af1b <unknown>
#8 0x56afcb36ee19 <unknown>
#9 0x56afcb351ac9 <unknown>
#10 0x56afcb36f9c8 <unknown>
#11 0x56afcb33634f <unknown>
#12 0x56afcae125df <unknown>
#13 0x7ba40cc29d90 <unknown>

2025-06-19 21:30:48,544 - ERROR - Attempt 2 failed for https://nilmamano.com/blog/category/dsa: Message: invalid session id
Stacktrace:
#0 0x56afcb3a645a <unknown>
#1 0x56afcae4b5b3 <unknown>
#2 0x56afcae8e66f <unknown>
#3 0x56afcaec2d56 <unknown>
#4 0x56afcaebd6c7 <unknown>
#5 0x56afcaebc805 <unknown>
#6 0x56afcae147b8 <unknown>
#7 0x56afcb36af1b <unknown>
#8 0x56afcb36ee19 <unknown>
#9 0x56afcb351ac9 <unknown>
#10 0x56afcb36f9c8 <unknown>
#11 0x56afcb33634f <unknown>
#12 0x56afcae125df <unknown>
#13 0x7ba40cc29d90 <unknown>

2025-06-19 21:30:58,563 - ERROR - Error getting page with JS: Message: invalid session id
Stacktrace:
#0 0x56afcb3a645a <unknown>
#1 0x56afcae4b5b3 <unknown>
#2 0x56afcae8e66f <unknown>
#3 0x56afcaec2d56 <unknown>
#4 0x56afcaebd6c7 <unknown>
#5 0x56afcaebc805 <unknown>
#6 0x56afcae147b8 <unknown>
#7 0x56afcb36af1b <unknown>
#8 0x56afcb36ee19 <unknown>
#9 0x56afcb351ac9 <unknown>
#10 0x56afcb36f9c8 <unknown>
#11 0x56afcb33634f <unknown>
#12 0x56afcae125df <unknown>
#13 0x7ba40cc29d90 <unknown>

2025-06-19 21:30:58,563 - WARNING - Attempt 1 failed: Message: invalid session id
Stacktrace:
#0 0x56afcb3a645a <unknown>
#1 0x56afcae4b5b3 <unknown>
#2 0x56afcae8e66f <unknown>
#3 0x56afcaec2d56 <unknown>
#4 0x56afcaebd6c7 <unknown>
#5 0x56afcaebc805 <unknown>
#6 0x56afcae147b8 <unknown>
#7 0x56afcb36af1b <unknown>
#8 0x56afcb36ee19 <unknown>
#9 0x56afcb351ac9 <unknown>
#10 0x56afcb36f9c8 <unknown>
#11 0x56afcb33634f <unknown>
#12 0x56afcae125df <unknown>
#13 0x7ba40cc29d90 <unknown>

2025-06-19 21:31:00,568 - ERROR - Error getting page with JS: Message: invalid session id
Stacktrace:
#0 0x56afcb3a645a <unknown>
#1 0x56afcae4b5b3 <unknown>
#2 0x56afcae8e66f <unknown>
#3 0x56afcaec2d56 <unknown>
#4 0x56afcaebd6c7 <unknown>
#5 0x56afcaebc805 <unknown>
#6 0x56afcae147b8 <unknown>
#7 0x56afcb36af1b <unknown>
#8 0x56afcb36ee19 <unknown>
#9 0x56afcb351ac9 <unknown>
#10 0x56afcb36f9c8 <unknown>
#11 0x56afcb33634f <unknown>
#12 0x56afcae125df <unknown>
#13 0x7ba40cc29d90 <unknown>

2025-06-19 21:31:00,568 - WARNING - Attempt 2 failed: Message: invalid session id
Stacktrace:
#0 0x56afcb3a645a <unknown>
#1 0x56afcae4b5b3 <unknown>
#2 0x56afcae8e66f <unknown>
#3 0x56afcaec2d56 <unknown>
#4 0x56afcaebd6c7 <unknown>
#5 0x56afcaebc805 <unknown>
#6 0x56afcae147b8 <unknown>
#7 0x56afcb36af1b <unknown>
#8 0x56afcb36ee19 <unknown>
#9 0x56afcb351ac9 <unknown>
#10 0x56afcb36f9c8 <unknown>
#11 0x56afcb33634f <unknown>
#12 0x56afcae125df <unknown>
#13 0x7ba40cc29d90 <unknown>

2025-06-19 21:31:04,575 - ERROR - Error getting page with JS: Message: invalid session id
Stacktrace:
#0 0x56afcb3a645a <unknown>
#1 0x56afcae4b5b3 <unknown>
#2 0x56afcae8e66f <unknown>
#3 0x56afcaec2d56 <unknown>
#4 0x56afcaebd6c7 <unknown>
#5 0x56afcaebc805 <unknown>
#6 0x56afcae147b8 <unknown>
#7 0x56afcb36af1b <unknown>
#8 0x56afcb36ee19 <unknown>
#9 0x56afcb351ac9 <unknown>
#10 0x56afcb36f9c8 <unknown>
#11 0x56afcb33634f <unknown>
#12 0x56afcae125df <unknown>
#13 0x7ba40cc29d90 <unknown>

2025-06-19 21:31:04,575 - WARNING - Attempt 3 failed: Message: invalid session id
Stacktrace:
#0 0x56afcb3a645a <unknown>
#1 0x56afcae4b5b3 <unknown>
#2 0x56afcae8e66f <unknown>
#3 0x56afcaec2d56 <unknown>
#4 0x56afcaebd6c7 <unknown>
#5 0x56afcaebc805 <unknown>
#6 0x56afcae147b8 <unknown>
#7 0x56afcb36af1b <unknown>
#8 0x56afcb36ee19 <unknown>
#9 0x56afcb351ac9 <unknown>
#10 0x56afcb36f9c8 <unknown>
#11 0x56afcb33634f <unknown>
#12 0x56afcae125df <unknown>
#13 0x7ba40cc29d90 <unknown>

2025-06-19 21:31:04,575 - ERROR - Attempt 3 failed for https://nilmamano.com/blog/category/dsa: Message: invalid session id
Stacktrace:
#0 0x56afcb3a645a <unknown>
#1 0x56afcae4b5b3 <unknown>
#2 0x56afcae8e66f <unknown>
#3 0x56afcaec2d56 <unknown>
#4 0x56afcaebd6c7 <unknown>
#5 0x56afcaebc805 <unknown>
#6 0x56afcae147b8 <unknown>
#7 0x56afcb36af1b <unknown>
#8 0x56afcb36ee19 <unknown>
#9 0x56afcb351ac9 <unknown>
#10 0x56afcb36f9c8 <unknown>
#11 0x56afcb33634f <unknown>
#12 0x56afcae125df <unknown>
#13 0x7ba40cc29d90 <unknown>

2025-06-19 21:31:04,575 - ERROR - Failed to process https://nilmamano.com/blog/category/dsa after all retries
2025-06-19 21:31:04,575 - INFO - 
Testing URL: https://overreacted.io/
2025-06-19 21:31:04,578 - ERROR - Error getting page with JS: Message: invalid session id
Stacktrace:
#0 0x56afcb3a645a <unknown>
#1 0x56afcae4b5b3 <unknown>
#2 0x56afcae8e66f <unknown>
#3 0x56afcaec2d56 <unknown>
#4 0x56afcaebd6c7 <unknown>
#5 0x56afcaebc805 <unknown>
#6 0x56afcae147b8 <unknown>
#7 0x56afcb36af1b <unknown>
#8 0x56afcb36ee19 <unknown>
#9 0x56afcb351ac9 <unknown>
#10 0x56afcb36f9c8 <unknown>
#11 0x56afcb33634f <unknown>
#12 0x56afcae125df <unknown>
#13 0x7ba40cc29d90 <unknown>

2025-06-19 21:31:04,578 - WARNING - Attempt 1 failed: Message: invalid session id
Stacktrace:
#0 0x56afcb3a645a <unknown>
#1 0x56afcae4b5b3 <unknown>
#2 0x56afcae8e66f <unknown>
#3 0x56afcaec2d56 <unknown>
#4 0x56afcaebd6c7 <unknown>
#5 0x56afcaebc805 <unknown>
#6 0x56afcae147b8 <unknown>
#7 0x56afcb36af1b <unknown>
#8 0x56afcb36ee19 <unknown>
#9 0x56afcb351ac9 <unknown>
#10 0x56afcb36f9c8 <unknown>
#11 0x56afcb33634f <unknown>
#12 0x56afcae125df <unknown>
#13 0x7ba40cc29d90 <unknown>

2025-06-19 21:31:06,582 - ERROR - Error getting page with JS: Message: invalid session id
Stacktrace:
#0 0x56afcb3a645a <unknown>
#1 0x56afcae4b5b3 <unknown>
#2 0x56afcae8e66f <unknown>
#3 0x56afcaec2d56 <unknown>
#4 0x56afcaebd6c7 <unknown>
#5 0x56afcaebc805 <unknown>
#6 0x56afcae147b8 <unknown>
#7 0x56afcb36af1b <unknown>
#8 0x56afcb36ee19 <unknown>
#9 0x56afcb351ac9 <unknown>
#10 0x56afcb36f9c8 <unknown>
#11 0x56afcb33634f <unknown>
#12 0x56afcae125df <unknown>
#13 0x7ba40cc29d90 <unknown>

2025-06-19 21:31:06,583 - WARNING - Attempt 2 failed: Message: invalid session id
Stacktrace:
#0 0x56afcb3a645a <unknown>
#1 0x56afcae4b5b3 <unknown>
#2 0x56afcae8e66f <unknown>
#3 0x56afcaec2d56 <unknown>
#4 0x56afcaebd6c7 <unknown>
#5 0x56afcaebc805 <unknown>
#6 0x56afcae147b8 <unknown>
#7 0x56afcb36af1b <unknown>
#8 0x56afcb36ee19 <unknown>
#9 0x56afcb351ac9 <unknown>
#10 0x56afcb36f9c8 <unknown>
#11 0x56afcb33634f <unknown>
#12 0x56afcae125df <unknown>
#13 0x7ba40cc29d90 <unknown>

2025-06-19 21:31:10,589 - ERROR - Error getting page with JS: Message: invalid session id
Stacktrace:
#0 0x56afcb3a645a <unknown>
#1 0x56afcae4b5b3 <unknown>
#2 0x56afcae8e66f <unknown>
#3 0x56afcaec2d56 <unknown>
#4 0x56afcaebd6c7 <unknown>
#5 0x56afcaebc805 <unknown>
#6 0x56afcae147b8 <unknown>
#7 0x56afcb36af1b <unknown>
#8 0x56afcb36ee19 <unknown>
#9 0x56afcb351ac9 <unknown>
#10 0x56afcb36f9c8 <unknown>
#11 0x56afcb33634f <unknown>
#12 0x56afcae125df <unknown>
#13 0x7ba40cc29d90 <unknown>

2025-06-19 21:31:10,589 - WARNING - Attempt 3 failed: Message: invalid session id
Stacktrace:
#0 0x56afcb3a645a <unknown>
#1 0x56afcae4b5b3 <unknown>
#2 0x56afcae8e66f <unknown>
#3 0x56afcaec2d56 <unknown>
#4 0x56afcaebd6c7 <unknown>
#5 0x56afcaebc805 <unknown>
#6 0x56afcae147b8 <unknown>
#7 0x56afcb36af1b <unknown>
#8 0x56afcb36ee19 <unknown>
#9 0x56afcb351ac9 <unknown>
#10 0x56afcb36f9c8 <unknown>
#11 0x56afcb33634f <unknown>
#12 0x56afcae125df <unknown>
#13 0x7ba40cc29d90 <unknown>

2025-06-19 21:31:10,589 - ERROR - Attempt 1 failed for https://overreacted.io/: Message: invalid session id
Stacktrace:
#0 0x56afcb3a645a <unknown>
#1 0x56afcae4b5b3 <unknown>
#2 0x56afcae8e66f <unknown>
#3 0x56afcaec2d56 <unknown>
#4 0x56afcaebd6c7 <unknown>
#5 0x56afcaebc805 <unknown>
#6 0x56afcae147b8 <unknown>
#7 0x56afcb36af1b <unknown>
#8 0x56afcb36ee19 <unknown>
#9 0x56afcb351ac9 <unknown>
#10 0x56afcb36f9c8 <unknown>
#11 0x56afcb33634f <unknown>
#12 0x56afcae125df <unknown>
#13 0x7ba40cc29d90 <unknown>

2025-06-19 21:31:15,599 - ERROR - Error getting page with JS: Message: invalid session id
Stacktrace:
#0 0x56afcb3a645a <unknown>
#1 0x56afcae4b5b3 <unknown>
#2 0x56afcae8e66f <unknown>
#3 0x56afcaec2d56 <unknown>
#4 0x56afcaebd6c7 <unknown>
#5 0x56afcaebc805 <unknown>
#6 0x56afcae147b8 <unknown>
#7 0x56afcb36af1b <unknown>
#8 0x56afcb36ee19 <unknown>
#9 0x56afcb351ac9 <unknown>
#10 0x56afcb36f9c8 <unknown>
#11 0x56afcb33634f <unknown>
#12 0x56afcae125df <unknown>
#13 0x7ba40cc29d90 <unknown>

2025-06-19 21:31:15,599 - WARNING - Attempt 1 failed: Message: invalid session id
Stacktrace:
#0 0x56afcb3a645a <unknown>
#1 0x56afcae4b5b3 <unknown>
#2 0x56afcae8e66f <unknown>
#3 0x56afcaec2d56 <unknown>
#4 0x56afcaebd6c7 <unknown>
#5 0x56afcaebc805 <unknown>
#6 0x56afcae147b8 <unknown>
#7 0x56afcb36af1b <unknown>
#8 0x56afcb36ee19 <unknown>
#9 0x56afcb351ac9 <unknown>
#10 0x56afcb36f9c8 <unknown>
#11 0x56afcb33634f <unknown>
#12 0x56afcae125df <unknown>
#13 0x7ba40cc29d90 <unknown>

2025-06-19 21:31:17,604 - ERROR - Error getting page with JS: Message: invalid session id
Stacktrace:
#0 0x56afcb3a645a <unknown>
#1 0x56afcae4b5b3 <unknown>
#2 0x56afcae8e66f <unknown>
#3 0x56afcaec2d56 <unknown>
#4 0x56afcaebd6c7 <unknown>
#5 0x56afcaebc805 <unknown>
#6 0x56afcae147b8 <unknown>
#7 0x56afcb36af1b <unknown>
#8 0x56afcb36ee19 <unknown>
#9 0x56afcb351ac9 <unknown>
#10 0x56afcb36f9c8 <unknown>
#11 0x56afcb33634f <unknown>
#12 0x56afcae125df <unknown>
#13 0x7ba40cc29d90 <unknown>

2025-06-19 21:31:17,604 - WARNING - Attempt 2 failed: Message: invalid session id
Stacktrace:
#0 0x56afcb3a645a <unknown>
#1 0x56afcae4b5b3 <unknown>
#2 0x56afcae8e66f <unknown>
#3 0x56afcaec2d56 <unknown>
#4 0x56afcaebd6c7 <unknown>
#5 0x56afcaebc805 <unknown>
#6 0x56afcae147b8 <unknown>
#7 0x56afcb36af1b <unknown>
#8 0x56afcb36ee19 <unknown>
#9 0x56afcb351ac9 <unknown>
#10 0x56afcb36f9c8 <unknown>
#11 0x56afcb33634f <unknown>
#12 0x56afcae125df <unknown>
#13 0x7ba40cc29d90 <unknown>

2025-06-19 21:31:21,611 - ERROR - Error getting page with JS: Message: invalid session id
Stacktrace:
#0 0x56afcb3a645a <unknown>
#1 0x56afcae4b5b3 <unknown>
#2 0x56afcae8e66f <unknown>
#3 0x56afcaec2d56 <unknown>
#4 0x56afcaebd6c7 <unknown>
#5 0x56afcaebc805 <unknown>
#6 0x56afcae147b8 <unknown>
#7 0x56afcb36af1b <unknown>
#8 0x56afcb36ee19 <unknown>
#9 0x56afcb351ac9 <unknown>
#10 0x56afcb36f9c8 <unknown>
#11 0x56afcb33634f <unknown>
#12 0x56afcae125df <unknown>
#13 0x7ba40cc29d90 <unknown>

2025-06-19 21:31:21,611 - WARNING - Attempt 3 failed: Message: invalid session id
Stacktrace:
#0 0x56afcb3a645a <unknown>
#1 0x56afcae4b5b3 <unknown>
#2 0x56afcae8e66f <unknown>
#3 0x56afcaec2d56 <unknown>
#4 0x56afcaebd6c7 <unknown>
#5 0x56afcaebc805 <unknown>
#6 0x56afcae147b8 <unknown>
#7 0x56afcb36af1b <unknown>
#8 0x56afcb36ee19 <unknown>
#9 0x56afcb351ac9 <unknown>
#10 0x56afcb36f9c8 <unknown>
#11 0x56afcb33634f <unknown>
#12 0x56afcae125df <unknown>
#13 0x7ba40cc29d90 <unknown>

2025-06-19 21:31:21,611 - ERROR - Attempt 2 failed for https://overreacted.io/: Message: invalid session id
Stacktrace:
#0 0x56afcb3a645a <unknown>
#1 0x56afcae4b5b3 <unknown>
#2 0x56afcae8e66f <unknown>
#3 0x56afcaec2d56 <unknown>
#4 0x56afcaebd6c7 <unknown>
#5 0x56afcaebc805 <unknown>
#6 0x56afcae147b8 <unknown>
#7 0x56afcb36af1b <unknown>
#8 0x56afcb36ee19 <unknown>
#9 0x56afcb351ac9 <unknown>
#10 0x56afcb36f9c8 <unknown>
#11 0x56afcb33634f <unknown>
#12 0x56afcae125df <unknown>
#13 0x7ba40cc29d90 <unknown>

2025-06-19 21:31:31,626 - ERROR - Error getting page with JS: Message: invalid session id
Stacktrace:
#0 0x56afcb3a645a <unknown>
#1 0x56afcae4b5b3 <unknown>
#2 0x56afcae8e66f <unknown>
#3 0x56afcaec2d56 <unknown>
#4 0x56afcaebd6c7 <unknown>
#5 0x56afcaebc805 <unknown>
#6 0x56afcae147b8 <unknown>
#7 0x56afcb36af1b <unknown>
#8 0x56afcb36ee19 <unknown>
#9 0x56afcb351ac9 <unknown>
#10 0x56afcb36f9c8 <unknown>
#11 0x56afcb33634f <unknown>
#12 0x56afcae125df <unknown>
#13 0x7ba40cc29d90 <unknown>

2025-06-19 21:31:31,626 - WARNING - Attempt 1 failed: Message: invalid session id
Stacktrace:
#0 0x56afcb3a645a <unknown>
#1 0x56afcae4b5b3 <unknown>
#2 0x56afcae8e66f <unknown>
#3 0x56afcaec2d56 <unknown>
#4 0x56afcaebd6c7 <unknown>
#5 0x56afcaebc805 <unknown>
#6 0x56afcae147b8 <unknown>
#7 0x56afcb36af1b <unknown>
#8 0x56afcb36ee19 <unknown>
#9 0x56afcb351ac9 <unknown>
#10 0x56afcb36f9c8 <unknown>
#11 0x56afcb33634f <unknown>
#12 0x56afcae125df <unknown>
#13 0x7ba40cc29d90 <unknown>

2025-06-19 21:31:33,631 - ERROR - Error getting page with JS: Message: invalid session id
Stacktrace:
#0 0x56afcb3a645a <unknown>
#1 0x56afcae4b5b3 <unknown>
#2 0x56afcae8e66f <unknown>
#3 0x56afcaec2d56 <unknown>
#4 0x56afcaebd6c7 <unknown>
#5 0x56afcaebc805 <unknown>
#6 0x56afcae147b8 <unknown>
#7 0x56afcb36af1b <unknown>
#8 0x56afcb36ee19 <unknown>
#9 0x56afcb351ac9 <unknown>
#10 0x56afcb36f9c8 <unknown>
#11 0x56afcb33634f <unknown>
#12 0x56afcae125df <unknown>
#13 0x7ba40cc29d90 <unknown>

2025-06-19 21:31:33,631 - WARNING - Attempt 2 failed: Message: invalid session id
Stacktrace:
#0 0x56afcb3a645a <unknown>
#1 0x56afcae4b5b3 <unknown>
#2 0x56afcae8e66f <unknown>
#3 0x56afcaec2d56 <unknown>
#4 0x56afcaebd6c7 <unknown>
#5 0x56afcaebc805 <unknown>
#6 0x56afcae147b8 <unknown>
#7 0x56afcb36af1b <unknown>
#8 0x56afcb36ee19 <unknown>
#9 0x56afcb351ac9 <unknown>
#10 0x56afcb36f9c8 <unknown>
#11 0x56afcb33634f <unknown>
#12 0x56afcae125df <unknown>
#13 0x7ba40cc29d90 <unknown>

2025-06-19 21:31:37,640 - ERROR - Error getting page with JS: Message: invalid session id
Stacktrace:
#0 0x56afcb3a645a <unknown>
#1 0x56afcae4b5b3 <unknown>
#2 0x56afcae8e66f <unknown>
#3 0x56afcaec2d56 <unknown>
#4 0x56afcaebd6c7 <unknown>
#5 0x56afcaebc805 <unknown>
#6 0x56afcae147b8 <unknown>
#7 0x56afcb36af1b <unknown>
#8 0x56afcb36ee19 <unknown>
#9 0x56afcb351ac9 <unknown>
#10 0x56afcb36f9c8 <unknown>
#11 0x56afcb33634f <unknown>
#12 0x56afcae125df <unknown>
#13 0x7ba40cc29d90 <unknown>

2025-06-19 21:31:37,640 - WARNING - Attempt 3 failed: Message: invalid session id
Stacktrace:
#0 0x56afcb3a645a <unknown>
#1 0x56afcae4b5b3 <unknown>
#2 0x56afcae8e66f <unknown>
#3 0x56afcaec2d56 <unknown>
#4 0x56afcaebd6c7 <unknown>
#5 0x56afcaebc805 <unknown>
#6 0x56afcae147b8 <unknown>
#7 0x56afcb36af1b <unknown>
#8 0x56afcb36ee19 <unknown>
#9 0x56afcb351ac9 <unknown>
#10 0x56afcb36f9c8 <unknown>
#11 0x56afcb33634f <unknown>
#12 0x56afcae125df <unknown>
#13 0x7ba40cc29d90 <unknown>

2025-06-19 21:31:37,640 - ERROR - Attempt 3 failed for https://overreacted.io/: Message: invalid session id
Stacktrace:
#0 0x56afcb3a645a <unknown>
#1 0x56afcae4b5b3 <unknown>
#2 0x56afcae8e66f <unknown>
#3 0x56afcaec2d56 <unknown>
#4 0x56afcaebd6c7 <unknown>
#5 0x56afcaebc805 <unknown>
#6 0x56afcae147b8 <unknown>
#7 0x56afcb36af1b <unknown>
#8 0x56afcb36ee19 <unknown>
#9 0x56afcb351ac9 <unknown>
#10 0x56afcb36f9c8 <unknown>
#11 0x56afcb33634f <unknown>
#12 0x56afcae125df <unknown>
#13 0x7ba40cc29d90 <unknown>

2025-06-19 21:31:37,640 - ERROR - Failed to process https://overreacted.io/ after all retries
2025-06-19 21:33:34,837 - INFO - patching driver executable /home/sravan/.local/share/undetected_chromedriver/undetected_chromedriver
2025-06-19 21:33:35,390 - ERROR - Failed to initialize undetected Chrome: Message: invalid argument: cannot parse capability: goog:chromeOptions
from invalid argument: unrecognized chrome option: excludeSwitches
Stacktrace:
#0 0x5b26bd360f83 <unknown>
#1 0x5b26bd019cf7 <unknown>
#2 0x5b26bd044eeb <unknown>
#3 0x5b26bd04c7b5 <unknown>
#4 0x5b26bd041a06 <unknown>
#5 0x5b26bd09ca64 <unknown>
#6 0x5b26bd09c39c <unknown>
#7 0x5b26bd09df1c <unknown>
#8 0x5b26bd092e53 <unknown>
#9 0x5b26bd05add4 <unknown>
#10 0x5b26bd05c1de <unknown>
#11 0x5b26bd325531 <unknown>
#12 0x5b26bd329455 <unknown>
#13 0x5b26bd311f55 <unknown>
#14 0x5b26bd32a0ef <unknown>
#15 0x5b26bd2f599f <unknown>
#16 0x5b26bd34e008 <unknown>
#17 0x5b26bd34e1d7 <unknown>
#18 0x5b26bd360124 <unknown>
#19 0x7a0db9294ac3 <unknown>

2025-06-19 21:33:35,390 - INFO - ====== WebDriver manager ======
2025-06-19 21:33:35,502 - INFO - Get LATEST chromedriver version for google-chrome
2025-06-19 21:33:35,558 - INFO - Get LATEST chromedriver version for google-chrome
2025-06-19 21:33:35,604 - INFO - Driver [/home/sravan/.wdm/drivers/chromedriver/linux64/137.0.7151.119/chromedriver-linux64/chromedriver] found in cache
2025-06-19 21:33:36,988 - INFO - Successfully initialized scraper with headless=False
2025-06-19 21:33:36,988 - INFO - 
Testing URL: https://realpython.com/
2025-06-19 21:33:59,646 - WARNING - Error during content scrolling: Message: no such window: target window already closed
from unknown error: web view not found
  (Session info: chrome=137.0.7151.55)
Stacktrace:
#0 0x55a13024c45a <unknown>
#1 0x55a12fcf1760 <unknown>
#2 0x55a12fcc6140 <unknown>
#3 0x55a12fd716c8 <unknown>
#4 0x55a12fd8ecc5 <unknown>
#5 0x55a12fd68c23 <unknown>
#6 0x55a12fd354a5 <unknown>
#7 0x55a12fd36111 <unknown>
#8 0x55a130210f1b <unknown>
#9 0x55a130214e19 <unknown>
#10 0x55a1301f7ac9 <unknown>
#11 0x55a1302159c8 <unknown>
#12 0x55a1301dc34f <unknown>
#13 0x55a130239a28 <unknown>
#14 0x55a130239c06 <unknown>
#15 0x55a13024b336 <unknown>
#16 0x7f4e2f494ac3 <unknown>

2025-06-19 21:33:59,651 - ERROR - Error getting page with JS: Message: no such window: target window already closed
from unknown error: web view not found
  (Session info: chrome=137.0.7151.55)
Stacktrace:
#0 0x55a13024c45a <unknown>
#1 0x55a12fcf1760 <unknown>
#2 0x55a12fcc6140 <unknown>
#3 0x55a12fd716c8 <unknown>
#4 0x55a12fd8ecc5 <unknown>
#5 0x55a12fd68c23 <unknown>
#6 0x55a12fd354a5 <unknown>
#7 0x55a12fd36111 <unknown>
#8 0x55a130210f1b <unknown>
#9 0x55a130214e19 <unknown>
#10 0x55a1301f7ac9 <unknown>
#11 0x55a1302159c8 <unknown>
#12 0x55a1301dc34f <unknown>
#13 0x55a130239a28 <unknown>
#14 0x55a130239c06 <unknown>
#15 0x55a13024b336 <unknown>
#16 0x7f4e2f494ac3 <unknown>

2025-06-19 21:33:59,651 - WARNING - Attempt 1 failed: Message: no such window: target window already closed
from unknown error: web view not found
  (Session info: chrome=137.0.7151.55)
Stacktrace:
#0 0x55a13024c45a <unknown>
#1 0x55a12fcf1760 <unknown>
#2 0x55a12fcc6140 <unknown>
#3 0x55a12fd716c8 <unknown>
#4 0x55a12fd8ecc5 <unknown>
#5 0x55a12fd68c23 <unknown>
#6 0x55a12fd354a5 <unknown>
#7 0x55a12fd36111 <unknown>
#8 0x55a130210f1b <unknown>
#9 0x55a130214e19 <unknown>
#10 0x55a1301f7ac9 <unknown>
#11 0x55a1302159c8 <unknown>
#12 0x55a1301dc34f <unknown>
#13 0x55a130239a28 <unknown>
#14 0x55a130239c06 <unknown>
#15 0x55a13024b336 <unknown>
#16 0x7f4e2f494ac3 <unknown>

2025-06-19 21:34:01,656 - ERROR - Error getting page with JS: Message: no such window: target window already closed
from unknown error: web view not found
  (Session info: chrome=137.0.7151.55)
Stacktrace:
#0 0x55a13024c45a <unknown>
#1 0x55a12fcf1760 <unknown>
#2 0x55a12fcc6140 <unknown>
#3 0x55a12fd716c8 <unknown>
#4 0x55a12fd8ecc5 <unknown>
#5 0x55a12fd68c23 <unknown>
#6 0x55a12fd354a5 <unknown>
#7 0x55a12fd36111 <unknown>
#8 0x55a130210f1b <unknown>
#9 0x55a130214e19 <unknown>
#10 0x55a1301f7ac9 <unknown>
#11 0x55a1302159c8 <unknown>
#12 0x55a1301dc34f <unknown>
#13 0x55a130239a28 <unknown>
#14 0x55a130239c06 <unknown>
#15 0x55a13024b336 <unknown>
#16 0x7f4e2f494ac3 <unknown>

2025-06-19 21:34:01,656 - WARNING - Attempt 2 failed: Message: no such window: target window already closed
from unknown error: web view not found
  (Session info: chrome=137.0.7151.55)
Stacktrace:
#0 0x55a13024c45a <unknown>
#1 0x55a12fcf1760 <unknown>
#2 0x55a12fcc6140 <unknown>
#3 0x55a12fd716c8 <unknown>
#4 0x55a12fd8ecc5 <unknown>
#5 0x55a12fd68c23 <unknown>
#6 0x55a12fd354a5 <unknown>
#7 0x55a12fd36111 <unknown>
#8 0x55a130210f1b <unknown>
#9 0x55a130214e19 <unknown>
#10 0x55a1301f7ac9 <unknown>
#11 0x55a1302159c8 <unknown>
#12 0x55a1301dc34f <unknown>
#13 0x55a130239a28 <unknown>
#14 0x55a130239c06 <unknown>
#15 0x55a13024b336 <unknown>
#16 0x7f4e2f494ac3 <unknown>

2025-06-19 21:34:05,665 - ERROR - Error getting page with JS: Message: no such window: target window already closed
from unknown error: web view not found
  (Session info: chrome=137.0.7151.55)
Stacktrace:
#0 0x55a13024c45a <unknown>
#1 0x55a12fcf1760 <unknown>
#2 0x55a12fcc6140 <unknown>
#3 0x55a12fd716c8 <unknown>
#4 0x55a12fd8ecc5 <unknown>
#5 0x55a12fd68c23 <unknown>
#6 0x55a12fd354a5 <unknown>
#7 0x55a12fd36111 <unknown>
#8 0x55a130210f1b <unknown>
#9 0x55a130214e19 <unknown>
#10 0x55a1301f7ac9 <unknown>
#11 0x55a1302159c8 <unknown>
#12 0x55a1301dc34f <unknown>
#13 0x55a130239a28 <unknown>
#14 0x55a130239c06 <unknown>
#15 0x55a13024b336 <unknown>
#16 0x7f4e2f494ac3 <unknown>

2025-06-19 21:34:05,665 - WARNING - Attempt 3 failed: Message: no such window: target window already closed
from unknown error: web view not found
  (Session info: chrome=137.0.7151.55)
Stacktrace:
#0 0x55a13024c45a <unknown>
#1 0x55a12fcf1760 <unknown>
#2 0x55a12fcc6140 <unknown>
#3 0x55a12fd716c8 <unknown>
#4 0x55a12fd8ecc5 <unknown>
#5 0x55a12fd68c23 <unknown>
#6 0x55a12fd354a5 <unknown>
#7 0x55a12fd36111 <unknown>
#8 0x55a130210f1b <unknown>
#9 0x55a130214e19 <unknown>
#10 0x55a1301f7ac9 <unknown>
#11 0x55a1302159c8 <unknown>
#12 0x55a1301dc34f <unknown>
#13 0x55a130239a28 <unknown>
#14 0x55a130239c06 <unknown>
#15 0x55a13024b336 <unknown>
#16 0x7f4e2f494ac3 <unknown>

2025-06-19 21:34:05,665 - ERROR - Attempt 1 failed for https://realpython.com/: Message: no such window: target window already closed
from unknown error: web view not found
  (Session info: chrome=137.0.7151.55)
Stacktrace:
#0 0x55a13024c45a <unknown>
#1 0x55a12fcf1760 <unknown>
#2 0x55a12fcc6140 <unknown>
#3 0x55a12fd716c8 <unknown>
#4 0x55a12fd8ecc5 <unknown>
#5 0x55a12fd68c23 <unknown>
#6 0x55a12fd354a5 <unknown>
#7 0x55a12fd36111 <unknown>
#8 0x55a130210f1b <unknown>
#9 0x55a130214e19 <unknown>
#10 0x55a1301f7ac9 <unknown>
#11 0x55a1302159c8 <unknown>
#12 0x55a1301dc34f <unknown>
#13 0x55a130239a28 <unknown>
#14 0x55a130239c06 <unknown>
#15 0x55a13024b336 <unknown>
#16 0x7f4e2f494ac3 <unknown>

2025-06-19 21:34:10,676 - ERROR - Error getting page with JS: Message: no such window: target window already closed
from unknown error: web view not found
  (Session info: chrome=137.0.7151.55)
Stacktrace:
#0 0x55a13024c45a <unknown>
#1 0x55a12fcf1760 <unknown>
#2 0x55a12fcc6140 <unknown>
#3 0x55a12fd716c8 <unknown>
#4 0x55a12fd8ecc5 <unknown>
#5 0x55a12fd68c23 <unknown>
#6 0x55a12fd354a5 <unknown>
#7 0x55a12fd36111 <unknown>
#8 0x55a130210f1b <unknown>
#9 0x55a130214e19 <unknown>
#10 0x55a1301f7ac9 <unknown>
#11 0x55a1302159c8 <unknown>
#12 0x55a1301dc34f <unknown>
#13 0x55a130239a28 <unknown>
#14 0x55a130239c06 <unknown>
#15 0x55a13024b336 <unknown>
#16 0x7f4e2f494ac3 <unknown>

2025-06-19 21:34:10,676 - WARNING - Attempt 1 failed: Message: no such window: target window already closed
from unknown error: web view not found
  (Session info: chrome=137.0.7151.55)
Stacktrace:
#0 0x55a13024c45a <unknown>
#1 0x55a12fcf1760 <unknown>
#2 0x55a12fcc6140 <unknown>
#3 0x55a12fd716c8 <unknown>
#4 0x55a12fd8ecc5 <unknown>
#5 0x55a12fd68c23 <unknown>
#6 0x55a12fd354a5 <unknown>
#7 0x55a12fd36111 <unknown>
#8 0x55a130210f1b <unknown>
#9 0x55a130214e19 <unknown>
#10 0x55a1301f7ac9 <unknown>
#11 0x55a1302159c8 <unknown>
#12 0x55a1301dc34f <unknown>
#13 0x55a130239a28 <unknown>
#14 0x55a130239c06 <unknown>
#15 0x55a13024b336 <unknown>
#16 0x7f4e2f494ac3 <unknown>

2025-06-19 21:34:12,681 - ERROR - Error getting page with JS: Message: no such window: target window already closed
from unknown error: web view not found
  (Session info: chrome=137.0.7151.55)
Stacktrace:
#0 0x55a13024c45a <unknown>
#1 0x55a12fcf1760 <unknown>
#2 0x55a12fcc6140 <unknown>
#3 0x55a12fd716c8 <unknown>
#4 0x55a12fd8ecc5 <unknown>
#5 0x55a12fd68c23 <unknown>
#6 0x55a12fd354a5 <unknown>
#7 0x55a12fd36111 <unknown>
#8 0x55a130210f1b <unknown>
#9 0x55a130214e19 <unknown>
#10 0x55a1301f7ac9 <unknown>
#11 0x55a1302159c8 <unknown>
#12 0x55a1301dc34f <unknown>
#13 0x55a130239a28 <unknown>
#14 0x55a130239c06 <unknown>
#15 0x55a13024b336 <unknown>
#16 0x7f4e2f494ac3 <unknown>

2025-06-19 21:34:12,682 - WARNING - Attempt 2 failed: Message: no such window: target window already closed
from unknown error: web view not found
  (Session info: chrome=137.0.7151.55)
Stacktrace:
#0 0x55a13024c45a <unknown>
#1 0x55a12fcf1760 <unknown>
#2 0x55a12fcc6140 <unknown>
#3 0x55a12fd716c8 <unknown>
#4 0x55a12fd8ecc5 <unknown>
#5 0x55a12fd68c23 <unknown>
#6 0x55a12fd354a5 <unknown>
#7 0x55a12fd36111 <unknown>
#8 0x55a130210f1b <unknown>
#9 0x55a130214e19 <unknown>
#10 0x55a1301f7ac9 <unknown>
#11 0x55a1302159c8 <unknown>
#12 0x55a1301dc34f <unknown>
#13 0x55a130239a28 <unknown>
#14 0x55a130239c06 <unknown>
#15 0x55a13024b336 <unknown>
#16 0x7f4e2f494ac3 <unknown>

2025-06-19 21:34:16,688 - ERROR - Error getting page with JS: Message: no such window: target window already closed
from unknown error: web view not found
  (Session info: chrome=137.0.7151.55)
Stacktrace:
#0 0x55a13024c45a <unknown>
#1 0x55a12fcf1760 <unknown>
#2 0x55a12fcc6140 <unknown>
#3 0x55a12fd716c8 <unknown>
#4 0x55a12fd8ecc5 <unknown>
#5 0x55a12fd68c23 <unknown>
#6 0x55a12fd354a5 <unknown>
#7 0x55a12fd36111 <unknown>
#8 0x55a130210f1b <unknown>
#9 0x55a130214e19 <unknown>
#10 0x55a1301f7ac9 <unknown>
#11 0x55a1302159c8 <unknown>
#12 0x55a1301dc34f <unknown>
#13 0x55a130239a28 <unknown>
#14 0x55a130239c06 <unknown>
#15 0x55a13024b336 <unknown>
#16 0x7f4e2f494ac3 <unknown>

2025-06-19 21:34:16,688 - WARNING - Attempt 3 failed: Message: no such window: target window already closed
from unknown error: web view not found
  (Session info: chrome=137.0.7151.55)
Stacktrace:
#0 0x55a13024c45a <unknown>
#1 0x55a12fcf1760 <unknown>
#2 0x55a12fcc6140 <unknown>
#3 0x55a12fd716c8 <unknown>
#4 0x55a12fd8ecc5 <unknown>
#5 0x55a12fd68c23 <unknown>
#6 0x55a12fd354a5 <unknown>
#7 0x55a12fd36111 <unknown>
#8 0x55a130210f1b <unknown>
#9 0x55a130214e19 <unknown>
#10 0x55a1301f7ac9 <unknown>
#11 0x55a1302159c8 <unknown>
#12 0x55a1301dc34f <unknown>
#13 0x55a130239a28 <unknown>
#14 0x55a130239c06 <unknown>
#15 0x55a13024b336 <unknown>
#16 0x7f4e2f494ac3 <unknown>

2025-06-19 21:34:16,688 - ERROR - Attempt 2 failed for https://realpython.com/: Message: no such window: target window already closed
from unknown error: web view not found
  (Session info: chrome=137.0.7151.55)
Stacktrace:
#0 0x55a13024c45a <unknown>
#1 0x55a12fcf1760 <unknown>
#2 0x55a12fcc6140 <unknown>
#3 0x55a12fd716c8 <unknown>
#4 0x55a12fd8ecc5 <unknown>
#5 0x55a12fd68c23 <unknown>
#6 0x55a12fd354a5 <unknown>
#7 0x55a12fd36111 <unknown>
#8 0x55a130210f1b <unknown>
#9 0x55a130214e19 <unknown>
#10 0x55a1301f7ac9 <unknown>
#11 0x55a1302159c8 <unknown>
#12 0x55a1301dc34f <unknown>
#13 0x55a130239a28 <unknown>
#14 0x55a130239c06 <unknown>
#15 0x55a13024b336 <unknown>
#16 0x7f4e2f494ac3 <unknown>

2025-06-19 21:34:26,704 - ERROR - Error getting page with JS: Message: no such window: target window already closed
from unknown error: web view not found
  (Session info: chrome=137.0.7151.55)
Stacktrace:
#0 0x55a13024c45a <unknown>
#1 0x55a12fcf1760 <unknown>
#2 0x55a12fcc6140 <unknown>
#3 0x55a12fd716c8 <unknown>
#4 0x55a12fd8ecc5 <unknown>
#5 0x55a12fd68c23 <unknown>
#6 0x55a12fd354a5 <unknown>
#7 0x55a12fd36111 <unknown>
#8 0x55a130210f1b <unknown>
#9 0x55a130214e19 <unknown>
#10 0x55a1301f7ac9 <unknown>
#11 0x55a1302159c8 <unknown>
#12 0x55a1301dc34f <unknown>
#13 0x55a130239a28 <unknown>
#14 0x55a130239c06 <unknown>
#15 0x55a13024b336 <unknown>
#16 0x7f4e2f494ac3 <unknown>

2025-06-19 21:34:26,704 - WARNING - Attempt 1 failed: Message: no such window: target window already closed
from unknown error: web view not found
  (Session info: chrome=137.0.7151.55)
Stacktrace:
#0 0x55a13024c45a <unknown>
#1 0x55a12fcf1760 <unknown>
#2 0x55a12fcc6140 <unknown>
#3 0x55a12fd716c8 <unknown>
#4 0x55a12fd8ecc5 <unknown>
#5 0x55a12fd68c23 <unknown>
#6 0x55a12fd354a5 <unknown>
#7 0x55a12fd36111 <unknown>
#8 0x55a130210f1b <unknown>
#9 0x55a130214e19 <unknown>
#10 0x55a1301f7ac9 <unknown>
#11 0x55a1302159c8 <unknown>
#12 0x55a1301dc34f <unknown>
#13 0x55a130239a28 <unknown>
#14 0x55a130239c06 <unknown>
#15 0x55a13024b336 <unknown>
#16 0x7f4e2f494ac3 <unknown>

2025-06-19 21:34:28,709 - ERROR - Error getting page with JS: Message: no such window: target window already closed
from unknown error: web view not found
  (Session info: chrome=137.0.7151.55)
Stacktrace:
#0 0x55a13024c45a <unknown>
#1 0x55a12fcf1760 <unknown>
#2 0x55a12fcc6140 <unknown>
#3 0x55a12fd716c8 <unknown>
#4 0x55a12fd8ecc5 <unknown>
#5 0x55a12fd68c23 <unknown>
#6 0x55a12fd354a5 <unknown>
#7 0x55a12fd36111 <unknown>
#8 0x55a130210f1b <unknown>
#9 0x55a130214e19 <unknown>
#10 0x55a1301f7ac9 <unknown>
#11 0x55a1302159c8 <unknown>
#12 0x55a1301dc34f <unknown>
#13 0x55a130239a28 <unknown>
#14 0x55a130239c06 <unknown>
#15 0x55a13024b336 <unknown>
#16 0x7f4e2f494ac3 <unknown>

2025-06-19 21:34:28,709 - WARNING - Attempt 2 failed: Message: no such window: target window already closed
from unknown error: web view not found
  (Session info: chrome=137.0.7151.55)
Stacktrace:
#0 0x55a13024c45a <unknown>
#1 0x55a12fcf1760 <unknown>
#2 0x55a12fcc6140 <unknown>
#3 0x55a12fd716c8 <unknown>
#4 0x55a12fd8ecc5 <unknown>
#5 0x55a12fd68c23 <unknown>
#6 0x55a12fd354a5 <unknown>
#7 0x55a12fd36111 <unknown>
#8 0x55a130210f1b <unknown>
#9 0x55a130214e19 <unknown>
#10 0x55a1301f7ac9 <unknown>
#11 0x55a1302159c8 <unknown>
#12 0x55a1301dc34f <unknown>
#13 0x55a130239a28 <unknown>
#14 0x55a130239c06 <unknown>
#15 0x55a13024b336 <unknown>
#16 0x7f4e2f494ac3 <unknown>

2025-06-19 21:34:32,716 - ERROR - Error getting page with JS: Message: no such window: target window already closed
from unknown error: web view not found
  (Session info: chrome=137.0.7151.55)
Stacktrace:
#0 0x55a13024c45a <unknown>
#1 0x55a12fcf1760 <unknown>
#2 0x55a12fcc6140 <unknown>
#3 0x55a12fd716c8 <unknown>
#4 0x55a12fd8ecc5 <unknown>
#5 0x55a12fd68c23 <unknown>
#6 0x55a12fd354a5 <unknown>
#7 0x55a12fd36111 <unknown>
#8 0x55a130210f1b <unknown>
#9 0x55a130214e19 <unknown>
#10 0x55a1301f7ac9 <unknown>
#11 0x55a1302159c8 <unknown>
#12 0x55a1301dc34f <unknown>
#13 0x55a130239a28 <unknown>
#14 0x55a130239c06 <unknown>
#15 0x55a13024b336 <unknown>
#16 0x7f4e2f494ac3 <unknown>

2025-06-19 21:34:32,716 - WARNING - Attempt 3 failed: Message: no such window: target window already closed
from unknown error: web view not found
  (Session info: chrome=137.0.7151.55)
Stacktrace:
#0 0x55a13024c45a <unknown>
#1 0x55a12fcf1760 <unknown>
#2 0x55a12fcc6140 <unknown>
#3 0x55a12fd716c8 <unknown>
#4 0x55a12fd8ecc5 <unknown>
#5 0x55a12fd68c23 <unknown>
#6 0x55a12fd354a5 <unknown>
#7 0x55a12fd36111 <unknown>
#8 0x55a130210f1b <unknown>
#9 0x55a130214e19 <unknown>
#10 0x55a1301f7ac9 <unknown>
#11 0x55a1302159c8 <unknown>
#12 0x55a1301dc34f <unknown>
#13 0x55a130239a28 <unknown>
#14 0x55a130239c06 <unknown>
#15 0x55a13024b336 <unknown>
#16 0x7f4e2f494ac3 <unknown>

2025-06-19 21:34:32,716 - ERROR - Attempt 3 failed for https://realpython.com/: Message: no such window: target window already closed
from unknown error: web view not found
  (Session info: chrome=137.0.7151.55)
Stacktrace:
#0 0x55a13024c45a <unknown>
#1 0x55a12fcf1760 <unknown>
#2 0x55a12fcc6140 <unknown>
#3 0x55a12fd716c8 <unknown>
#4 0x55a12fd8ecc5 <unknown>
#5 0x55a12fd68c23 <unknown>
#6 0x55a12fd354a5 <unknown>
#7 0x55a12fd36111 <unknown>
#8 0x55a130210f1b <unknown>
#9 0x55a130214e19 <unknown>
#10 0x55a1301f7ac9 <unknown>
#11 0x55a1302159c8 <unknown>
#12 0x55a1301dc34f <unknown>
#13 0x55a130239a28 <unknown>
#14 0x55a130239c06 <unknown>
#15 0x55a13024b336 <unknown>
#16 0x7f4e2f494ac3 <unknown>

2025-06-19 21:34:32,716 - ERROR - Failed to process https://realpython.com/ after all retries
2025-06-19 21:34:32,717 - INFO - 
Testing URL: https://interviewing.io/learn#interview-guides
2025-06-19 21:34:32,720 - ERROR - Error getting page with JS: Message: no such window: target window already closed
from unknown error: web view not found
  (Session info: chrome=137.0.7151.55)
Stacktrace:
#0 0x55a13024c45a <unknown>
#1 0x55a12fcf1760 <unknown>
#2 0x55a12fcc6140 <unknown>
#3 0x55a12fd716c8 <unknown>
#4 0x55a12fd8ecc5 <unknown>
#5 0x55a12fd68c23 <unknown>
#6 0x55a12fd354a5 <unknown>
#7 0x55a12fd36111 <unknown>
#8 0x55a130210f1b <unknown>
#9 0x55a130214e19 <unknown>
#10 0x55a1301f7ac9 <unknown>
#11 0x55a1302159c8 <unknown>
#12 0x55a1301dc34f <unknown>
#13 0x55a130239a28 <unknown>
#14 0x55a130239c06 <unknown>
#15 0x55a13024b336 <unknown>
#16 0x7f4e2f494ac3 <unknown>

2025-06-19 21:34:32,720 - WARNING - Attempt 1 failed: Message: no such window: target window already closed
from unknown error: web view not found
  (Session info: chrome=137.0.7151.55)
Stacktrace:
#0 0x55a13024c45a <unknown>
#1 0x55a12fcf1760 <unknown>
#2 0x55a12fcc6140 <unknown>
#3 0x55a12fd716c8 <unknown>
#4 0x55a12fd8ecc5 <unknown>
#5 0x55a12fd68c23 <unknown>
#6 0x55a12fd354a5 <unknown>
#7 0x55a12fd36111 <unknown>
#8 0x55a130210f1b <unknown>
#9 0x55a130214e19 <unknown>
#10 0x55a1301f7ac9 <unknown>
#11 0x55a1302159c8 <unknown>
#12 0x55a1301dc34f <unknown>
#13 0x55a130239a28 <unknown>
#14 0x55a130239c06 <unknown>
#15 0x55a13024b336 <unknown>
#16 0x7f4e2f494ac3 <unknown>

2025-06-19 21:34:34,725 - ERROR - Error getting page with JS: Message: no such window: target window already closed
from unknown error: web view not found
  (Session info: chrome=137.0.7151.55)
Stacktrace:
#0 0x55a13024c45a <unknown>
#1 0x55a12fcf1760 <unknown>
#2 0x55a12fcc6140 <unknown>
#3 0x55a12fd716c8 <unknown>
#4 0x55a12fd8ecc5 <unknown>
#5 0x55a12fd68c23 <unknown>
#6 0x55a12fd354a5 <unknown>
#7 0x55a12fd36111 <unknown>
#8 0x55a130210f1b <unknown>
#9 0x55a130214e19 <unknown>
#10 0x55a1301f7ac9 <unknown>
#11 0x55a1302159c8 <unknown>
#12 0x55a1301dc34f <unknown>
#13 0x55a130239a28 <unknown>
#14 0x55a130239c06 <unknown>
#15 0x55a13024b336 <unknown>
#16 0x7f4e2f494ac3 <unknown>

2025-06-19 21:34:34,725 - WARNING - Attempt 2 failed: Message: no such window: target window already closed
from unknown error: web view not found
  (Session info: chrome=137.0.7151.55)
Stacktrace:
#0 0x55a13024c45a <unknown>
#1 0x55a12fcf1760 <unknown>
#2 0x55a12fcc6140 <unknown>
#3 0x55a12fd716c8 <unknown>
#4 0x55a12fd8ecc5 <unknown>
#5 0x55a12fd68c23 <unknown>
#6 0x55a12fd354a5 <unknown>
#7 0x55a12fd36111 <unknown>
#8 0x55a130210f1b <unknown>
#9 0x55a130214e19 <unknown>
#10 0x55a1301f7ac9 <unknown>
#11 0x55a1302159c8 <unknown>
#12 0x55a1301dc34f <unknown>
#13 0x55a130239a28 <unknown>
#14 0x55a130239c06 <unknown>
#15 0x55a13024b336 <unknown>
#16 0x7f4e2f494ac3 <unknown>

2025-06-19 21:34:38,732 - ERROR - Error getting page with JS: Message: no such window: target window already closed
from unknown error: web view not found
  (Session info: chrome=137.0.7151.55)
Stacktrace:
#0 0x55a13024c45a <unknown>
#1 0x55a12fcf1760 <unknown>
#2 0x55a12fcc6140 <unknown>
#3 0x55a12fd716c8 <unknown>
#4 0x55a12fd8ecc5 <unknown>
#5 0x55a12fd68c23 <unknown>
#6 0x55a12fd354a5 <unknown>
#7 0x55a12fd36111 <unknown>
#8 0x55a130210f1b <unknown>
#9 0x55a130214e19 <unknown>
#10 0x55a1301f7ac9 <unknown>
#11 0x55a1302159c8 <unknown>
#12 0x55a1301dc34f <unknown>
#13 0x55a130239a28 <unknown>
#14 0x55a130239c06 <unknown>
#15 0x55a13024b336 <unknown>
#16 0x7f4e2f494ac3 <unknown>

2025-06-19 21:34:38,732 - WARNING - Attempt 3 failed: Message: no such window: target window already closed
from unknown error: web view not found
  (Session info: chrome=137.0.7151.55)
Stacktrace:
#0 0x55a13024c45a <unknown>
#1 0x55a12fcf1760 <unknown>
#2 0x55a12fcc6140 <unknown>
#3 0x55a12fd716c8 <unknown>
#4 0x55a12fd8ecc5 <unknown>
#5 0x55a12fd68c23 <unknown>
#6 0x55a12fd354a5 <unknown>
#7 0x55a12fd36111 <unknown>
#8 0x55a130210f1b <unknown>
#9 0x55a130214e19 <unknown>
#10 0x55a1301f7ac9 <unknown>
#11 0x55a1302159c8 <unknown>
#12 0x55a1301dc34f <unknown>
#13 0x55a130239a28 <unknown>
#14 0x55a130239c06 <unknown>
#15 0x55a13024b336 <unknown>
#16 0x7f4e2f494ac3 <unknown>

2025-06-19 21:34:38,732 - ERROR - Attempt 1 failed for https://interviewing.io/learn#interview-guides: Message: no such window: target window already closed
from unknown error: web view not found
  (Session info: chrome=137.0.7151.55)
Stacktrace:
#0 0x55a13024c45a <unknown>
#1 0x55a12fcf1760 <unknown>
#2 0x55a12fcc6140 <unknown>
#3 0x55a12fd716c8 <unknown>
#4 0x55a12fd8ecc5 <unknown>
#5 0x55a12fd68c23 <unknown>
#6 0x55a12fd354a5 <unknown>
#7 0x55a12fd36111 <unknown>
#8 0x55a130210f1b <unknown>
#9 0x55a130214e19 <unknown>
#10 0x55a1301f7ac9 <unknown>
#11 0x55a1302159c8 <unknown>
#12 0x55a1301dc34f <unknown>
#13 0x55a130239a28 <unknown>
#14 0x55a130239c06 <unknown>
#15 0x55a13024b336 <unknown>
#16 0x7f4e2f494ac3 <unknown>

2025-06-19 21:34:43,743 - ERROR - Error getting page with JS: Message: no such window: target window already closed
from unknown error: web view not found
  (Session info: chrome=137.0.7151.55)
Stacktrace:
#0 0x55a13024c45a <unknown>
#1 0x55a12fcf1760 <unknown>
#2 0x55a12fcc6140 <unknown>
#3 0x55a12fd716c8 <unknown>
#4 0x55a12fd8ecc5 <unknown>
#5 0x55a12fd68c23 <unknown>
#6 0x55a12fd354a5 <unknown>
#7 0x55a12fd36111 <unknown>
#8 0x55a130210f1b <unknown>
#9 0x55a130214e19 <unknown>
#10 0x55a1301f7ac9 <unknown>
#11 0x55a1302159c8 <unknown>
#12 0x55a1301dc34f <unknown>
#13 0x55a130239a28 <unknown>
#14 0x55a130239c06 <unknown>
#15 0x55a13024b336 <unknown>
#16 0x7f4e2f494ac3 <unknown>

2025-06-19 21:34:43,744 - WARNING - Attempt 1 failed: Message: no such window: target window already closed
from unknown error: web view not found
  (Session info: chrome=137.0.7151.55)
Stacktrace:
#0 0x55a13024c45a <unknown>
#1 0x55a12fcf1760 <unknown>
#2 0x55a12fcc6140 <unknown>
#3 0x55a12fd716c8 <unknown>
#4 0x55a12fd8ecc5 <unknown>
#5 0x55a12fd68c23 <unknown>
#6 0x55a12fd354a5 <unknown>
#7 0x55a12fd36111 <unknown>
#8 0x55a130210f1b <unknown>
#9 0x55a130214e19 <unknown>
#10 0x55a1301f7ac9 <unknown>
#11 0x55a1302159c8 <unknown>
#12 0x55a1301dc34f <unknown>
#13 0x55a130239a28 <unknown>
#14 0x55a130239c06 <unknown>
#15 0x55a13024b336 <unknown>
#16 0x7f4e2f494ac3 <unknown>

2025-06-19 21:34:45,750 - ERROR - Error getting page with JS: Message: no such window: target window already closed
from unknown error: web view not found
  (Session info: chrome=137.0.7151.55)
Stacktrace:
#0 0x55a13024c45a <unknown>
#1 0x55a12fcf1760 <unknown>
#2 0x55a12fcc6140 <unknown>
#3 0x55a12fd716c8 <unknown>
#4 0x55a12fd8ecc5 <unknown>
#5 0x55a12fd68c23 <unknown>
#6 0x55a12fd354a5 <unknown>
#7 0x55a12fd36111 <unknown>
#8 0x55a130210f1b <unknown>
#9 0x55a130214e19 <unknown>
#10 0x55a1301f7ac9 <unknown>
#11 0x55a1302159c8 <unknown>
#12 0x55a1301dc34f <unknown>
#13 0x55a130239a28 <unknown>
#14 0x55a130239c06 <unknown>
#15 0x55a13024b336 <unknown>
#16 0x7f4e2f494ac3 <unknown>

2025-06-19 21:34:45,751 - WARNING - Attempt 2 failed: Message: no such window: target window already closed
from unknown error: web view not found
  (Session info: chrome=137.0.7151.55)
Stacktrace:
#0 0x55a13024c45a <unknown>
#1 0x55a12fcf1760 <unknown>
#2 0x55a12fcc6140 <unknown>
#3 0x55a12fd716c8 <unknown>
#4 0x55a12fd8ecc5 <unknown>
#5 0x55a12fd68c23 <unknown>
#6 0x55a12fd354a5 <unknown>
#7 0x55a12fd36111 <unknown>
#8 0x55a130210f1b <unknown>
#9 0x55a130214e19 <unknown>
#10 0x55a1301f7ac9 <unknown>
#11 0x55a1302159c8 <unknown>
#12 0x55a1301dc34f <unknown>
#13 0x55a130239a28 <unknown>
#14 0x55a130239c06 <unknown>
#15 0x55a13024b336 <unknown>
#16 0x7f4e2f494ac3 <unknown>

2025-06-19 21:34:49,757 - ERROR - Error getting page with JS: Message: no such window: target window already closed
from unknown error: web view not found
  (Session info: chrome=137.0.7151.55)
Stacktrace:
#0 0x55a13024c45a <unknown>
#1 0x55a12fcf1760 <unknown>
#2 0x55a12fcc6140 <unknown>
#3 0x55a12fd716c8 <unknown>
#4 0x55a12fd8ecc5 <unknown>
#5 0x55a12fd68c23 <unknown>
#6 0x55a12fd354a5 <unknown>
#7 0x55a12fd36111 <unknown>
#8 0x55a130210f1b <unknown>
#9 0x55a130214e19 <unknown>
#10 0x55a1301f7ac9 <unknown>
#11 0x55a1302159c8 <unknown>
#12 0x55a1301dc34f <unknown>
#13 0x55a130239a28 <unknown>
#14 0x55a130239c06 <unknown>
#15 0x55a13024b336 <unknown>
#16 0x7f4e2f494ac3 <unknown>

2025-06-19 21:34:49,757 - WARNING - Attempt 3 failed: Message: no such window: target window already closed
from unknown error: web view not found
  (Session info: chrome=137.0.7151.55)
Stacktrace:
#0 0x55a13024c45a <unknown>
#1 0x55a12fcf1760 <unknown>
#2 0x55a12fcc6140 <unknown>
#3 0x55a12fd716c8 <unknown>
#4 0x55a12fd8ecc5 <unknown>
#5 0x55a12fd68c23 <unknown>
#6 0x55a12fd354a5 <unknown>
#7 0x55a12fd36111 <unknown>
#8 0x55a130210f1b <unknown>
#9 0x55a130214e19 <unknown>
#10 0x55a1301f7ac9 <unknown>
#11 0x55a1302159c8 <unknown>
#12 0x55a1301dc34f <unknown>
#13 0x55a130239a28 <unknown>
#14 0x55a130239c06 <unknown>
#15 0x55a13024b336 <unknown>
#16 0x7f4e2f494ac3 <unknown>

2025-06-19 21:34:49,757 - ERROR - Attempt 2 failed for https://interviewing.io/learn#interview-guides: Message: no such window: target window already closed
from unknown error: web view not found
  (Session info: chrome=137.0.7151.55)
Stacktrace:
#0 0x55a13024c45a <unknown>
#1 0x55a12fcf1760 <unknown>
#2 0x55a12fcc6140 <unknown>
#3 0x55a12fd716c8 <unknown>
#4 0x55a12fd8ecc5 <unknown>
#5 0x55a12fd68c23 <unknown>
#6 0x55a12fd354a5 <unknown>
#7 0x55a12fd36111 <unknown>
#8 0x55a130210f1b <unknown>
#9 0x55a130214e19 <unknown>
#10 0x55a1301f7ac9 <unknown>
#11 0x55a1302159c8 <unknown>
#12 0x55a1301dc34f <unknown>
#13 0x55a130239a28 <unknown>
#14 0x55a130239c06 <unknown>
#15 0x55a13024b336 <unknown>
#16 0x7f4e2f494ac3 <unknown>

2025-06-19 21:34:59,773 - ERROR - Error getting page with JS: Message: no such window: target window already closed
from unknown error: web view not found
  (Session info: chrome=137.0.7151.55)
Stacktrace:
#0 0x55a13024c45a <unknown>
#1 0x55a12fcf1760 <unknown>
#2 0x55a12fcc6140 <unknown>
#3 0x55a12fd716c8 <unknown>
#4 0x55a12fd8ecc5 <unknown>
#5 0x55a12fd68c23 <unknown>
#6 0x55a12fd354a5 <unknown>
#7 0x55a12fd36111 <unknown>
#8 0x55a130210f1b <unknown>
#9 0x55a130214e19 <unknown>
#10 0x55a1301f7ac9 <unknown>
#11 0x55a1302159c8 <unknown>
#12 0x55a1301dc34f <unknown>
#13 0x55a130239a28 <unknown>
#14 0x55a130239c06 <unknown>
#15 0x55a13024b336 <unknown>
#16 0x7f4e2f494ac3 <unknown>

2025-06-19 21:34:59,773 - WARNING - Attempt 1 failed: Message: no such window: target window already closed
from unknown error: web view not found
  (Session info: chrome=137.0.7151.55)
Stacktrace:
#0 0x55a13024c45a <unknown>
#1 0x55a12fcf1760 <unknown>
#2 0x55a12fcc6140 <unknown>
#3 0x55a12fd716c8 <unknown>
#4 0x55a12fd8ecc5 <unknown>
#5 0x55a12fd68c23 <unknown>
#6 0x55a12fd354a5 <unknown>
#7 0x55a12fd36111 <unknown>
#8 0x55a130210f1b <unknown>
#9 0x55a130214e19 <unknown>
#10 0x55a1301f7ac9 <unknown>
#11 0x55a1302159c8 <unknown>
#12 0x55a1301dc34f <unknown>
#13 0x55a130239a28 <unknown>
#14 0x55a130239c06 <unknown>
#15 0x55a13024b336 <unknown>
#16 0x7f4e2f494ac3 <unknown>

2025-06-19 21:35:01,778 - ERROR - Error getting page with JS: Message: no such window: target window already closed
from unknown error: web view not found
  (Session info: chrome=137.0.7151.55)
Stacktrace:
#0 0x55a13024c45a <unknown>
#1 0x55a12fcf1760 <unknown>
#2 0x55a12fcc6140 <unknown>
#3 0x55a12fd716c8 <unknown>
#4 0x55a12fd8ecc5 <unknown>
#5 0x55a12fd68c23 <unknown>
#6 0x55a12fd354a5 <unknown>
#7 0x55a12fd36111 <unknown>
#8 0x55a130210f1b <unknown>
#9 0x55a130214e19 <unknown>
#10 0x55a1301f7ac9 <unknown>
#11 0x55a1302159c8 <unknown>
#12 0x55a1301dc34f <unknown>
#13 0x55a130239a28 <unknown>
#14 0x55a130239c06 <unknown>
#15 0x55a13024b336 <unknown>
#16 0x7f4e2f494ac3 <unknown>

2025-06-19 21:35:01,778 - WARNING - Attempt 2 failed: Message: no such window: target window already closed
from unknown error: web view not found
  (Session info: chrome=137.0.7151.55)
Stacktrace:
#0 0x55a13024c45a <unknown>
#1 0x55a12fcf1760 <unknown>
#2 0x55a12fcc6140 <unknown>
#3 0x55a12fd716c8 <unknown>
#4 0x55a12fd8ecc5 <unknown>
#5 0x55a12fd68c23 <unknown>
#6 0x55a12fd354a5 <unknown>
#7 0x55a12fd36111 <unknown>
#8 0x55a130210f1b <unknown>
#9 0x55a130214e19 <unknown>
#10 0x55a1301f7ac9 <unknown>
#11 0x55a1302159c8 <unknown>
#12 0x55a1301dc34f <unknown>
#13 0x55a130239a28 <unknown>
#14 0x55a130239c06 <unknown>
#15 0x55a13024b336 <unknown>
#16 0x7f4e2f494ac3 <unknown>

2025-06-19 21:35:05,786 - ERROR - Error getting page with JS: Message: no such window: target window already closed
from unknown error: web view not found
  (Session info: chrome=137.0.7151.55)
Stacktrace:
#0 0x55a13024c45a <unknown>
#1 0x55a12fcf1760 <unknown>
#2 0x55a12fcc6140 <unknown>
#3 0x55a12fd716c8 <unknown>
#4 0x55a12fd8ecc5 <unknown>
#5 0x55a12fd68c23 <unknown>
#6 0x55a12fd354a5 <unknown>
#7 0x55a12fd36111 <unknown>
#8 0x55a130210f1b <unknown>
#9 0x55a130214e19 <unknown>
#10 0x55a1301f7ac9 <unknown>
#11 0x55a1302159c8 <unknown>
#12 0x55a1301dc34f <unknown>
#13 0x55a130239a28 <unknown>
#14 0x55a130239c06 <unknown>
#15 0x55a13024b336 <unknown>
#16 0x7f4e2f494ac3 <unknown>

2025-06-19 21:35:05,786 - WARNING - Attempt 3 failed: Message: no such window: target window already closed
from unknown error: web view not found
  (Session info: chrome=137.0.7151.55)
Stacktrace:
#0 0x55a13024c45a <unknown>
#1 0x55a12fcf1760 <unknown>
#2 0x55a12fcc6140 <unknown>
#3 0x55a12fd716c8 <unknown>
#4 0x55a12fd8ecc5 <unknown>
#5 0x55a12fd68c23 <unknown>
#6 0x55a12fd354a5 <unknown>
#7 0x55a12fd36111 <unknown>
#8 0x55a130210f1b <unknown>
#9 0x55a130214e19 <unknown>
#10 0x55a1301f7ac9 <unknown>
#11 0x55a1302159c8 <unknown>
#12 0x55a1301dc34f <unknown>
#13 0x55a130239a28 <unknown>
#14 0x55a130239c06 <unknown>
#15 0x55a13024b336 <unknown>
#16 0x7f4e2f494ac3 <unknown>

2025-06-19 21:35:05,786 - ERROR - Attempt 3 failed for https://interviewing.io/learn#interview-guides: Message: no such window: target window already closed
from unknown error: web view not found
  (Session info: chrome=137.0.7151.55)
Stacktrace:
#0 0x55a13024c45a <unknown>
#1 0x55a12fcf1760 <unknown>
#2 0x55a12fcc6140 <unknown>
#3 0x55a12fd716c8 <unknown>
#4 0x55a12fd8ecc5 <unknown>
#5 0x55a12fd68c23 <unknown>
#6 0x55a12fd354a5 <unknown>
#7 0x55a12fd36111 <unknown>
#8 0x55a130210f1b <unknown>
#9 0x55a130214e19 <unknown>
#10 0x55a1301f7ac9 <unknown>
#11 0x55a1302159c8 <unknown>
#12 0x55a1301dc34f <unknown>
#13 0x55a130239a28 <unknown>
#14 0x55a130239c06 <unknown>
#15 0x55a13024b336 <unknown>
#16 0x7f4e2f494ac3 <unknown>

2025-06-19 21:35:05,786 - ERROR - Failed to process https://interviewing.io/learn#interview-guides after all retries
2025-06-19 21:35:05,786 - INFO - 
Testing URL: https://interviewing.io/topics#companies
2025-06-19 21:35:05,790 - ERROR - Error getting page with JS: Message: no such window: target window already closed
from unknown error: web view not found
  (Session info: chrome=137.0.7151.55)
Stacktrace:
#0 0x55a13024c45a <unknown>
#1 0x55a12fcf1760 <unknown>
#2 0x55a12fcc6140 <unknown>
#3 0x55a12fd716c8 <unknown>
#4 0x55a12fd8ecc5 <unknown>
#5 0x55a12fd68c23 <unknown>
#6 0x55a12fd354a5 <unknown>
#7 0x55a12fd36111 <unknown>
#8 0x55a130210f1b <unknown>
#9 0x55a130214e19 <unknown>
#10 0x55a1301f7ac9 <unknown>
#11 0x55a1302159c8 <unknown>
#12 0x55a1301dc34f <unknown>
#13 0x55a130239a28 <unknown>
#14 0x55a130239c06 <unknown>
#15 0x55a13024b336 <unknown>
#16 0x7f4e2f494ac3 <unknown>

2025-06-19 21:35:05,790 - WARNING - Attempt 1 failed: Message: no such window: target window already closed
from unknown error: web view not found
  (Session info: chrome=137.0.7151.55)
Stacktrace:
#0 0x55a13024c45a <unknown>
#1 0x55a12fcf1760 <unknown>
#2 0x55a12fcc6140 <unknown>
#3 0x55a12fd716c8 <unknown>
#4 0x55a12fd8ecc5 <unknown>
#5 0x55a12fd68c23 <unknown>
#6 0x55a12fd354a5 <unknown>
#7 0x55a12fd36111 <unknown>
#8 0x55a130210f1b <unknown>
#9 0x55a130214e19 <unknown>
#10 0x55a1301f7ac9 <unknown>
#11 0x55a1302159c8 <unknown>
#12 0x55a1301dc34f <unknown>
#13 0x55a130239a28 <unknown>
#14 0x55a130239c06 <unknown>
#15 0x55a13024b336 <unknown>
#16 0x7f4e2f494ac3 <unknown>

2025-06-19 21:35:07,795 - ERROR - Error getting page with JS: Message: no such window: target window already closed
from unknown error: web view not found
  (Session info: chrome=137.0.7151.55)
Stacktrace:
#0 0x55a13024c45a <unknown>
#1 0x55a12fcf1760 <unknown>
#2 0x55a12fcc6140 <unknown>
#3 0x55a12fd716c8 <unknown>
#4 0x55a12fd8ecc5 <unknown>
#5 0x55a12fd68c23 <unknown>
#6 0x55a12fd354a5 <unknown>
#7 0x55a12fd36111 <unknown>
#8 0x55a130210f1b <unknown>
#9 0x55a130214e19 <unknown>
#10 0x55a1301f7ac9 <unknown>
#11 0x55a1302159c8 <unknown>
#12 0x55a1301dc34f <unknown>
#13 0x55a130239a28 <unknown>
#14 0x55a130239c06 <unknown>
#15 0x55a13024b336 <unknown>
#16 0x7f4e2f494ac3 <unknown>

2025-06-19 21:35:07,795 - WARNING - Attempt 2 failed: Message: no such window: target window already closed
from unknown error: web view not found
  (Session info: chrome=137.0.7151.55)
Stacktrace:
#0 0x55a13024c45a <unknown>
#1 0x55a12fcf1760 <unknown>
#2 0x55a12fcc6140 <unknown>
#3 0x55a12fd716c8 <unknown>
#4 0x55a12fd8ecc5 <unknown>
#5 0x55a12fd68c23 <unknown>
#6 0x55a12fd354a5 <unknown>
#7 0x55a12fd36111 <unknown>
#8 0x55a130210f1b <unknown>
#9 0x55a130214e19 <unknown>
#10 0x55a1301f7ac9 <unknown>
#11 0x55a1302159c8 <unknown>
#12 0x55a1301dc34f <unknown>
#13 0x55a130239a28 <unknown>
#14 0x55a130239c06 <unknown>
#15 0x55a13024b336 <unknown>
#16 0x7f4e2f494ac3 <unknown>

2025-06-19 21:35:11,802 - ERROR - Error getting page with JS: Message: no such window: target window already closed
from unknown error: web view not found
  (Session info: chrome=137.0.7151.55)
Stacktrace:
#0 0x55a13024c45a <unknown>
#1 0x55a12fcf1760 <unknown>
#2 0x55a12fcc6140 <unknown>
#3 0x55a12fd716c8 <unknown>
#4 0x55a12fd8ecc5 <unknown>
#5 0x55a12fd68c23 <unknown>
#6 0x55a12fd354a5 <unknown>
#7 0x55a12fd36111 <unknown>
#8 0x55a130210f1b <unknown>
#9 0x55a130214e19 <unknown>
#10 0x55a1301f7ac9 <unknown>
#11 0x55a1302159c8 <unknown>
#12 0x55a1301dc34f <unknown>
#13 0x55a130239a28 <unknown>
#14 0x55a130239c06 <unknown>
#15 0x55a13024b336 <unknown>
#16 0x7f4e2f494ac3 <unknown>

2025-06-19 21:35:11,802 - WARNING - Attempt 3 failed: Message: no such window: target window already closed
from unknown error: web view not found
  (Session info: chrome=137.0.7151.55)
Stacktrace:
#0 0x55a13024c45a <unknown>
#1 0x55a12fcf1760 <unknown>
#2 0x55a12fcc6140 <unknown>
#3 0x55a12fd716c8 <unknown>
#4 0x55a12fd8ecc5 <unknown>
#5 0x55a12fd68c23 <unknown>
#6 0x55a12fd354a5 <unknown>
#7 0x55a12fd36111 <unknown>
#8 0x55a130210f1b <unknown>
#9 0x55a130214e19 <unknown>
#10 0x55a1301f7ac9 <unknown>
#11 0x55a1302159c8 <unknown>
#12 0x55a1301dc34f <unknown>
#13 0x55a130239a28 <unknown>
#14 0x55a130239c06 <unknown>
#15 0x55a13024b336 <unknown>
#16 0x7f4e2f494ac3 <unknown>

2025-06-19 21:35:11,802 - ERROR - Attempt 1 failed for https://interviewing.io/topics#companies: Message: no such window: target window already closed
from unknown error: web view not found
  (Session info: chrome=137.0.7151.55)
Stacktrace:
#0 0x55a13024c45a <unknown>
#1 0x55a12fcf1760 <unknown>
#2 0x55a12fcc6140 <unknown>
#3 0x55a12fd716c8 <unknown>
#4 0x55a12fd8ecc5 <unknown>
#5 0x55a12fd68c23 <unknown>
#6 0x55a12fd354a5 <unknown>
#7 0x55a12fd36111 <unknown>
#8 0x55a130210f1b <unknown>
#9 0x55a130214e19 <unknown>
#10 0x55a1301f7ac9 <unknown>
#11 0x55a1302159c8 <unknown>
#12 0x55a1301dc34f <unknown>
#13 0x55a130239a28 <unknown>
#14 0x55a130239c06 <unknown>
#15 0x55a13024b336 <unknown>
#16 0x7f4e2f494ac3 <unknown>

2025-06-19 21:35:16,816 - ERROR - Error getting page with JS: Message: no such window: target window already closed
from unknown error: web view not found
  (Session info: chrome=137.0.7151.55)
Stacktrace:
#0 0x55a13024c45a <unknown>
#1 0x55a12fcf1760 <unknown>
#2 0x55a12fcc6140 <unknown>
#3 0x55a12fd716c8 <unknown>
#4 0x55a12fd8ecc5 <unknown>
#5 0x55a12fd68c23 <unknown>
#6 0x55a12fd354a5 <unknown>
#7 0x55a12fd36111 <unknown>
#8 0x55a130210f1b <unknown>
#9 0x55a130214e19 <unknown>
#10 0x55a1301f7ac9 <unknown>
#11 0x55a1302159c8 <unknown>
#12 0x55a1301dc34f <unknown>
#13 0x55a130239a28 <unknown>
#14 0x55a130239c06 <unknown>
#15 0x55a13024b336 <unknown>
#16 0x7f4e2f494ac3 <unknown>

2025-06-19 21:35:16,816 - WARNING - Attempt 1 failed: Message: no such window: target window already closed
from unknown error: web view not found
  (Session info: chrome=137.0.7151.55)
Stacktrace:
#0 0x55a13024c45a <unknown>
#1 0x55a12fcf1760 <unknown>
#2 0x55a12fcc6140 <unknown>
#3 0x55a12fd716c8 <unknown>
#4 0x55a12fd8ecc5 <unknown>
#5 0x55a12fd68c23 <unknown>
#6 0x55a12fd354a5 <unknown>
#7 0x55a12fd36111 <unknown>
#8 0x55a130210f1b <unknown>
#9 0x55a130214e19 <unknown>
#10 0x55a1301f7ac9 <unknown>
#11 0x55a1302159c8 <unknown>
#12 0x55a1301dc34f <unknown>
#13 0x55a130239a28 <unknown>
#14 0x55a130239c06 <unknown>
#15 0x55a13024b336 <unknown>
#16 0x7f4e2f494ac3 <unknown>

2025-06-19 21:35:18,822 - ERROR - Error getting page with JS: Message: no such window: target window already closed
from unknown error: web view not found
  (Session info: chrome=137.0.7151.55)
Stacktrace:
#0 0x55a13024c45a <unknown>
#1 0x55a12fcf1760 <unknown>
#2 0x55a12fcc6140 <unknown>
#3 0x55a12fd716c8 <unknown>
#4 0x55a12fd8ecc5 <unknown>
#5 0x55a12fd68c23 <unknown>
#6 0x55a12fd354a5 <unknown>
#7 0x55a12fd36111 <unknown>
#8 0x55a130210f1b <unknown>
#9 0x55a130214e19 <unknown>
#10 0x55a1301f7ac9 <unknown>
#11 0x55a1302159c8 <unknown>
#12 0x55a1301dc34f <unknown>
#13 0x55a130239a28 <unknown>
#14 0x55a130239c06 <unknown>
#15 0x55a13024b336 <unknown>
#16 0x7f4e2f494ac3 <unknown>

2025-06-19 21:35:18,822 - WARNING - Attempt 2 failed: Message: no such window: target window already closed
from unknown error: web view not found
  (Session info: chrome=137.0.7151.55)
Stacktrace:
#0 0x55a13024c45a <unknown>
#1 0x55a12fcf1760 <unknown>
#2 0x55a12fcc6140 <unknown>
#3 0x55a12fd716c8 <unknown>
#4 0x55a12fd8ecc5 <unknown>
#5 0x55a12fd68c23 <unknown>
#6 0x55a12fd354a5 <unknown>
#7 0x55a12fd36111 <unknown>
#8 0x55a130210f1b <unknown>
#9 0x55a130214e19 <unknown>
#10 0x55a1301f7ac9 <unknown>
#11 0x55a1302159c8 <unknown>
#12 0x55a1301dc34f <unknown>
#13 0x55a130239a28 <unknown>
#14 0x55a130239c06 <unknown>
#15 0x55a13024b336 <unknown>
#16 0x7f4e2f494ac3 <unknown>

2025-06-19 21:35:22,830 - ERROR - Error getting page with JS: Message: no such window: target window already closed
from unknown error: web view not found
  (Session info: chrome=137.0.7151.55)
Stacktrace:
#0 0x55a13024c45a <unknown>
#1 0x55a12fcf1760 <unknown>
#2 0x55a12fcc6140 <unknown>
#3 0x55a12fd716c8 <unknown>
#4 0x55a12fd8ecc5 <unknown>
#5 0x55a12fd68c23 <unknown>
#6 0x55a12fd354a5 <unknown>
#7 0x55a12fd36111 <unknown>
#8 0x55a130210f1b <unknown>
#9 0x55a130214e19 <unknown>
#10 0x55a1301f7ac9 <unknown>
#11 0x55a1302159c8 <unknown>
#12 0x55a1301dc34f <unknown>
#13 0x55a130239a28 <unknown>
#14 0x55a130239c06 <unknown>
#15 0x55a13024b336 <unknown>
#16 0x7f4e2f494ac3 <unknown>

2025-06-19 21:35:22,830 - WARNING - Attempt 3 failed: Message: no such window: target window already closed
from unknown error: web view not found
  (Session info: chrome=137.0.7151.55)
Stacktrace:
#0 0x55a13024c45a <unknown>
#1 0x55a12fcf1760 <unknown>
#2 0x55a12fcc6140 <unknown>
#3 0x55a12fd716c8 <unknown>
#4 0x55a12fd8ecc5 <unknown>
#5 0x55a12fd68c23 <unknown>
#6 0x55a12fd354a5 <unknown>
#7 0x55a12fd36111 <unknown>
#8 0x55a130210f1b <unknown>
#9 0x55a130214e19 <unknown>
#10 0x55a1301f7ac9 <unknown>
#11 0x55a1302159c8 <unknown>
#12 0x55a1301dc34f <unknown>
#13 0x55a130239a28 <unknown>
#14 0x55a130239c06 <unknown>
#15 0x55a13024b336 <unknown>
#16 0x7f4e2f494ac3 <unknown>

2025-06-19 21:35:22,830 - ERROR - Attempt 2 failed for https://interviewing.io/topics#companies: Message: no such window: target window already closed
from unknown error: web view not found
  (Session info: chrome=137.0.7151.55)
Stacktrace:
#0 0x55a13024c45a <unknown>
#1 0x55a12fcf1760 <unknown>
#2 0x55a12fcc6140 <unknown>
#3 0x55a12fd716c8 <unknown>
#4 0x55a12fd8ecc5 <unknown>
#5 0x55a12fd68c23 <unknown>
#6 0x55a12fd354a5 <unknown>
#7 0x55a12fd36111 <unknown>
#8 0x55a130210f1b <unknown>
#9 0x55a130214e19 <unknown>
#10 0x55a1301f7ac9 <unknown>
#11 0x55a1302159c8 <unknown>
#12 0x55a1301dc34f <unknown>
#13 0x55a130239a28 <unknown>
#14 0x55a130239c06 <unknown>
#15 0x55a13024b336 <unknown>
#16 0x7f4e2f494ac3 <unknown>

2025-06-19 21:35:32,847 - ERROR - Error getting page with JS: Message: no such window: target window already closed
from unknown error: web view not found
  (Session info: chrome=137.0.7151.55)
Stacktrace:
#0 0x55a13024c45a <unknown>
#1 0x55a12fcf1760 <unknown>
#2 0x55a12fcc6140 <unknown>
#3 0x55a12fd716c8 <unknown>
#4 0x55a12fd8ecc5 <unknown>
#5 0x55a12fd68c23 <unknown>
#6 0x55a12fd354a5 <unknown>
#7 0x55a12fd36111 <unknown>
#8 0x55a130210f1b <unknown>
#9 0x55a130214e19 <unknown>
#10 0x55a1301f7ac9 <unknown>
#11 0x55a1302159c8 <unknown>
#12 0x55a1301dc34f <unknown>
#13 0x55a130239a28 <unknown>
#14 0x55a130239c06 <unknown>
#15 0x55a13024b336 <unknown>
#16 0x7f4e2f494ac3 <unknown>

2025-06-19 21:35:32,847 - WARNING - Attempt 1 failed: Message: no such window: target window already closed
from unknown error: web view not found
  (Session info: chrome=137.0.7151.55)
Stacktrace:
#0 0x55a13024c45a <unknown>
#1 0x55a12fcf1760 <unknown>
#2 0x55a12fcc6140 <unknown>
#3 0x55a12fd716c8 <unknown>
#4 0x55a12fd8ecc5 <unknown>
#5 0x55a12fd68c23 <unknown>
#6 0x55a12fd354a5 <unknown>
#7 0x55a12fd36111 <unknown>
#8 0x55a130210f1b <unknown>
#9 0x55a130214e19 <unknown>
#10 0x55a1301f7ac9 <unknown>
#11 0x55a1302159c8 <unknown>
#12 0x55a1301dc34f <unknown>
#13 0x55a130239a28 <unknown>
#14 0x55a130239c06 <unknown>
#15 0x55a13024b336 <unknown>
#16 0x7f4e2f494ac3 <unknown>

2025-06-19 21:35:34,852 - ERROR - Error getting page with JS: Message: no such window: target window already closed
from unknown error: web view not found
  (Session info: chrome=137.0.7151.55)
Stacktrace:
#0 0x55a13024c45a <unknown>
#1 0x55a12fcf1760 <unknown>
#2 0x55a12fcc6140 <unknown>
#3 0x55a12fd716c8 <unknown>
#4 0x55a12fd8ecc5 <unknown>
#5 0x55a12fd68c23 <unknown>
#6 0x55a12fd354a5 <unknown>
#7 0x55a12fd36111 <unknown>
#8 0x55a130210f1b <unknown>
#9 0x55a130214e19 <unknown>
#10 0x55a1301f7ac9 <unknown>
#11 0x55a1302159c8 <unknown>
#12 0x55a1301dc34f <unknown>
#13 0x55a130239a28 <unknown>
#14 0x55a130239c06 <unknown>
#15 0x55a13024b336 <unknown>
#16 0x7f4e2f494ac3 <unknown>

2025-06-19 21:35:34,852 - WARNING - Attempt 2 failed: Message: no such window: target window already closed
from unknown error: web view not found
  (Session info: chrome=137.0.7151.55)
Stacktrace:
#0 0x55a13024c45a <unknown>
#1 0x55a12fcf1760 <unknown>
#2 0x55a12fcc6140 <unknown>
#3 0x55a12fd716c8 <unknown>
#4 0x55a12fd8ecc5 <unknown>
#5 0x55a12fd68c23 <unknown>
#6 0x55a12fd354a5 <unknown>
#7 0x55a12fd36111 <unknown>
#8 0x55a130210f1b <unknown>
#9 0x55a130214e19 <unknown>
#10 0x55a1301f7ac9 <unknown>
#11 0x55a1302159c8 <unknown>
#12 0x55a1301dc34f <unknown>
#13 0x55a130239a28 <unknown>
#14 0x55a130239c06 <unknown>
#15 0x55a13024b336 <unknown>
#16 0x7f4e2f494ac3 <unknown>

2025-06-19 21:35:38,859 - ERROR - Error getting page with JS: Message: no such window: target window already closed
from unknown error: web view not found
  (Session info: chrome=137.0.7151.55)
Stacktrace:
#0 0x55a13024c45a <unknown>
#1 0x55a12fcf1760 <unknown>
#2 0x55a12fcc6140 <unknown>
#3 0x55a12fd716c8 <unknown>
#4 0x55a12fd8ecc5 <unknown>
#5 0x55a12fd68c23 <unknown>
#6 0x55a12fd354a5 <unknown>
#7 0x55a12fd36111 <unknown>
#8 0x55a130210f1b <unknown>
#9 0x55a130214e19 <unknown>
#10 0x55a1301f7ac9 <unknown>
#11 0x55a1302159c8 <unknown>
#12 0x55a1301dc34f <unknown>
#13 0x55a130239a28 <unknown>
#14 0x55a130239c06 <unknown>
#15 0x55a13024b336 <unknown>
#16 0x7f4e2f494ac3 <unknown>

2025-06-19 21:35:38,859 - WARNING - Attempt 3 failed: Message: no such window: target window already closed
from unknown error: web view not found
  (Session info: chrome=137.0.7151.55)
Stacktrace:
#0 0x55a13024c45a <unknown>
#1 0x55a12fcf1760 <unknown>
#2 0x55a12fcc6140 <unknown>
#3 0x55a12fd716c8 <unknown>
#4 0x55a12fd8ecc5 <unknown>
#5 0x55a12fd68c23 <unknown>
#6 0x55a12fd354a5 <unknown>
#7 0x55a12fd36111 <unknown>
#8 0x55a130210f1b <unknown>
#9 0x55a130214e19 <unknown>
#10 0x55a1301f7ac9 <unknown>
#11 0x55a1302159c8 <unknown>
#12 0x55a1301dc34f <unknown>
#13 0x55a130239a28 <unknown>
#14 0x55a130239c06 <unknown>
#15 0x55a13024b336 <unknown>
#16 0x7f4e2f494ac3 <unknown>

2025-06-19 21:35:38,860 - ERROR - Attempt 3 failed for https://interviewing.io/topics#companies: Message: no such window: target window already closed
from unknown error: web view not found
  (Session info: chrome=137.0.7151.55)
Stacktrace:
#0 0x55a13024c45a <unknown>
#1 0x55a12fcf1760 <unknown>
#2 0x55a12fcc6140 <unknown>
#3 0x55a12fd716c8 <unknown>
#4 0x55a12fd8ecc5 <unknown>
#5 0x55a12fd68c23 <unknown>
#6 0x55a12fd354a5 <unknown>
#7 0x55a12fd36111 <unknown>
#8 0x55a130210f1b <unknown>
#9 0x55a130214e19 <unknown>
#10 0x55a1301f7ac9 <unknown>
#11 0x55a1302159c8 <unknown>
#12 0x55a1301dc34f <unknown>
#13 0x55a130239a28 <unknown>
#14 0x55a130239c06 <unknown>
#15 0x55a13024b336 <unknown>
#16 0x7f4e2f494ac3 <unknown>

2025-06-19 21:35:38,860 - ERROR - Failed to process https://interviewing.io/topics#companies after all retries
2025-06-19 21:35:38,860 - INFO - 
Testing URL: https://www.geeksforgeeks.org/tag/interview-experiences/
2025-06-19 21:35:38,865 - ERROR - Error getting page with JS: Message: no such window: target window already closed
from unknown error: web view not found
  (Session info: chrome=137.0.7151.55)
Stacktrace:
#0 0x55a13024c45a <unknown>
#1 0x55a12fcf1760 <unknown>
#2 0x55a12fcc6140 <unknown>
#3 0x55a12fd716c8 <unknown>
#4 0x55a12fd8ecc5 <unknown>
#5 0x55a12fd68c23 <unknown>
#6 0x55a12fd354a5 <unknown>
#7 0x55a12fd36111 <unknown>
#8 0x55a130210f1b <unknown>
#9 0x55a130214e19 <unknown>
#10 0x55a1301f7ac9 <unknown>
#11 0x55a1302159c8 <unknown>
#12 0x55a1301dc34f <unknown>
#13 0x55a130239a28 <unknown>
#14 0x55a130239c06 <unknown>
#15 0x55a13024b336 <unknown>
#16 0x7f4e2f494ac3 <unknown>

2025-06-19 21:35:38,865 - WARNING - Attempt 1 failed: Message: no such window: target window already closed
from unknown error: web view not found
  (Session info: chrome=137.0.7151.55)
Stacktrace:
#0 0x55a13024c45a <unknown>
#1 0x55a12fcf1760 <unknown>
#2 0x55a12fcc6140 <unknown>
#3 0x55a12fd716c8 <unknown>
#4 0x55a12fd8ecc5 <unknown>
#5 0x55a12fd68c23 <unknown>
#6 0x55a12fd354a5 <unknown>
#7 0x55a12fd36111 <unknown>
#8 0x55a130210f1b <unknown>
#9 0x55a130214e19 <unknown>
#10 0x55a1301f7ac9 <unknown>
#11 0x55a1302159c8 <unknown>
#12 0x55a1301dc34f <unknown>
#13 0x55a130239a28 <unknown>
#14 0x55a130239c06 <unknown>
#15 0x55a13024b336 <unknown>
#16 0x7f4e2f494ac3 <unknown>

2025-06-19 21:35:40,870 - ERROR - Error getting page with JS: Message: no such window: target window already closed
from unknown error: web view not found
  (Session info: chrome=137.0.7151.55)
Stacktrace:
#0 0x55a13024c45a <unknown>
#1 0x55a12fcf1760 <unknown>
#2 0x55a12fcc6140 <unknown>
#3 0x55a12fd716c8 <unknown>
#4 0x55a12fd8ecc5 <unknown>
#5 0x55a12fd68c23 <unknown>
#6 0x55a12fd354a5 <unknown>
#7 0x55a12fd36111 <unknown>
#8 0x55a130210f1b <unknown>
#9 0x55a130214e19 <unknown>
#10 0x55a1301f7ac9 <unknown>
#11 0x55a1302159c8 <unknown>
#12 0x55a1301dc34f <unknown>
#13 0x55a130239a28 <unknown>
#14 0x55a130239c06 <unknown>
#15 0x55a13024b336 <unknown>
#16 0x7f4e2f494ac3 <unknown>

2025-06-19 21:35:40,870 - WARNING - Attempt 2 failed: Message: no such window: target window already closed
from unknown error: web view not found
  (Session info: chrome=137.0.7151.55)
Stacktrace:
#0 0x55a13024c45a <unknown>
#1 0x55a12fcf1760 <unknown>
#2 0x55a12fcc6140 <unknown>
#3 0x55a12fd716c8 <unknown>
#4 0x55a12fd8ecc5 <unknown>
#5 0x55a12fd68c23 <unknown>
#6 0x55a12fd354a5 <unknown>
#7 0x55a12fd36111 <unknown>
#8 0x55a130210f1b <unknown>
#9 0x55a130214e19 <unknown>
#10 0x55a1301f7ac9 <unknown>
#11 0x55a1302159c8 <unknown>
#12 0x55a1301dc34f <unknown>
#13 0x55a130239a28 <unknown>
#14 0x55a130239c06 <unknown>
#15 0x55a13024b336 <unknown>
#16 0x7f4e2f494ac3 <unknown>

2025-06-19 21:35:44,877 - ERROR - Error getting page with JS: Message: no such window: target window already closed
from unknown error: web view not found
  (Session info: chrome=137.0.7151.55)
Stacktrace:
#0 0x55a13024c45a <unknown>
#1 0x55a12fcf1760 <unknown>
#2 0x55a12fcc6140 <unknown>
#3 0x55a12fd716c8 <unknown>
#4 0x55a12fd8ecc5 <unknown>
#5 0x55a12fd68c23 <unknown>
#6 0x55a12fd354a5 <unknown>
#7 0x55a12fd36111 <unknown>
#8 0x55a130210f1b <unknown>
#9 0x55a130214e19 <unknown>
#10 0x55a1301f7ac9 <unknown>
#11 0x55a1302159c8 <unknown>
#12 0x55a1301dc34f <unknown>
#13 0x55a130239a28 <unknown>
#14 0x55a130239c06 <unknown>
#15 0x55a13024b336 <unknown>
#16 0x7f4e2f494ac3 <unknown>

2025-06-19 21:35:44,877 - WARNING - Attempt 3 failed: Message: no such window: target window already closed
from unknown error: web view not found
  (Session info: chrome=137.0.7151.55)
Stacktrace:
#0 0x55a13024c45a <unknown>
#1 0x55a12fcf1760 <unknown>
#2 0x55a12fcc6140 <unknown>
#3 0x55a12fd716c8 <unknown>
#4 0x55a12fd8ecc5 <unknown>
#5 0x55a12fd68c23 <unknown>
#6 0x55a12fd354a5 <unknown>
#7 0x55a12fd36111 <unknown>
#8 0x55a130210f1b <unknown>
#9 0x55a130214e19 <unknown>
#10 0x55a1301f7ac9 <unknown>
#11 0x55a1302159c8 <unknown>
#12 0x55a1301dc34f <unknown>
#13 0x55a130239a28 <unknown>
#14 0x55a130239c06 <unknown>
#15 0x55a13024b336 <unknown>
#16 0x7f4e2f494ac3 <unknown>

2025-06-19 21:35:44,878 - ERROR - Attempt 1 failed for https://www.geeksforgeeks.org/tag/interview-experiences/: Message: no such window: target window already closed
from unknown error: web view not found
  (Session info: chrome=137.0.7151.55)
Stacktrace:
#0 0x55a13024c45a <unknown>
#1 0x55a12fcf1760 <unknown>
#2 0x55a12fcc6140 <unknown>
#3 0x55a12fd716c8 <unknown>
#4 0x55a12fd8ecc5 <unknown>
#5 0x55a12fd68c23 <unknown>
#6 0x55a12fd354a5 <unknown>
#7 0x55a12fd36111 <unknown>
#8 0x55a130210f1b <unknown>
#9 0x55a130214e19 <unknown>
#10 0x55a1301f7ac9 <unknown>
#11 0x55a1302159c8 <unknown>
#12 0x55a1301dc34f <unknown>
#13 0x55a130239a28 <unknown>
#14 0x55a130239c06 <unknown>
#15 0x55a13024b336 <unknown>
#16 0x7f4e2f494ac3 <unknown>

2025-06-19 21:35:49,887 - ERROR - Error getting page with JS: Message: no such window: target window already closed
from unknown error: web view not found
  (Session info: chrome=137.0.7151.55)
Stacktrace:
#0 0x55a13024c45a <unknown>
#1 0x55a12fcf1760 <unknown>
#2 0x55a12fcc6140 <unknown>
#3 0x55a12fd716c8 <unknown>
#4 0x55a12fd8ecc5 <unknown>
#5 0x55a12fd68c23 <unknown>
#6 0x55a12fd354a5 <unknown>
#7 0x55a12fd36111 <unknown>
#8 0x55a130210f1b <unknown>
#9 0x55a130214e19 <unknown>
#10 0x55a1301f7ac9 <unknown>
#11 0x55a1302159c8 <unknown>
#12 0x55a1301dc34f <unknown>
#13 0x55a130239a28 <unknown>
#14 0x55a130239c06 <unknown>
#15 0x55a13024b336 <unknown>
#16 0x7f4e2f494ac3 <unknown>

2025-06-19 21:35:49,887 - WARNING - Attempt 1 failed: Message: no such window: target window already closed
from unknown error: web view not found
  (Session info: chrome=137.0.7151.55)
Stacktrace:
#0 0x55a13024c45a <unknown>
#1 0x55a12fcf1760 <unknown>
#2 0x55a12fcc6140 <unknown>
#3 0x55a12fd716c8 <unknown>
#4 0x55a12fd8ecc5 <unknown>
#5 0x55a12fd68c23 <unknown>
#6 0x55a12fd354a5 <unknown>
#7 0x55a12fd36111 <unknown>
#8 0x55a130210f1b <unknown>
#9 0x55a130214e19 <unknown>
#10 0x55a1301f7ac9 <unknown>
#11 0x55a1302159c8 <unknown>
#12 0x55a1301dc34f <unknown>
#13 0x55a130239a28 <unknown>
#14 0x55a130239c06 <unknown>
#15 0x55a13024b336 <unknown>
#16 0x7f4e2f494ac3 <unknown>

2025-06-19 21:35:51,892 - ERROR - Error getting page with JS: Message: no such window: target window already closed
from unknown error: web view not found
  (Session info: chrome=137.0.7151.55)
Stacktrace:
#0 0x55a13024c45a <unknown>
#1 0x55a12fcf1760 <unknown>
#2 0x55a12fcc6140 <unknown>
#3 0x55a12fd716c8 <unknown>
#4 0x55a12fd8ecc5 <unknown>
#5 0x55a12fd68c23 <unknown>
#6 0x55a12fd354a5 <unknown>
#7 0x55a12fd36111 <unknown>
#8 0x55a130210f1b <unknown>
#9 0x55a130214e19 <unknown>
#10 0x55a1301f7ac9 <unknown>
#11 0x55a1302159c8 <unknown>
#12 0x55a1301dc34f <unknown>
#13 0x55a130239a28 <unknown>
#14 0x55a130239c06 <unknown>
#15 0x55a13024b336 <unknown>
#16 0x7f4e2f494ac3 <unknown>

2025-06-19 21:35:51,892 - WARNING - Attempt 2 failed: Message: no such window: target window already closed
from unknown error: web view not found
  (Session info: chrome=137.0.7151.55)
Stacktrace:
#0 0x55a13024c45a <unknown>
#1 0x55a12fcf1760 <unknown>
#2 0x55a12fcc6140 <unknown>
#3 0x55a12fd716c8 <unknown>
#4 0x55a12fd8ecc5 <unknown>
#5 0x55a12fd68c23 <unknown>
#6 0x55a12fd354a5 <unknown>
#7 0x55a12fd36111 <unknown>
#8 0x55a130210f1b <unknown>
#9 0x55a130214e19 <unknown>
#10 0x55a1301f7ac9 <unknown>
#11 0x55a1302159c8 <unknown>
#12 0x55a1301dc34f <unknown>
#13 0x55a130239a28 <unknown>
#14 0x55a130239c06 <unknown>
#15 0x55a13024b336 <unknown>
#16 0x7f4e2f494ac3 <unknown>

2025-06-19 21:35:55,899 - ERROR - Error getting page with JS: Message: no such window: target window already closed
from unknown error: web view not found
  (Session info: chrome=137.0.7151.55)
Stacktrace:
#0 0x55a13024c45a <unknown>
#1 0x55a12fcf1760 <unknown>
#2 0x55a12fcc6140 <unknown>
#3 0x55a12fd716c8 <unknown>
#4 0x55a12fd8ecc5 <unknown>
#5 0x55a12fd68c23 <unknown>
#6 0x55a12fd354a5 <unknown>
#7 0x55a12fd36111 <unknown>
#8 0x55a130210f1b <unknown>
#9 0x55a130214e19 <unknown>
#10 0x55a1301f7ac9 <unknown>
#11 0x55a1302159c8 <unknown>
#12 0x55a1301dc34f <unknown>
#13 0x55a130239a28 <unknown>
#14 0x55a130239c06 <unknown>
#15 0x55a13024b336 <unknown>
#16 0x7f4e2f494ac3 <unknown>

2025-06-19 21:35:55,899 - WARNING - Attempt 3 failed: Message: no such window: target window already closed
from unknown error: web view not found
  (Session info: chrome=137.0.7151.55)
Stacktrace:
#0 0x55a13024c45a <unknown>
#1 0x55a12fcf1760 <unknown>
#2 0x55a12fcc6140 <unknown>
#3 0x55a12fd716c8 <unknown>
#4 0x55a12fd8ecc5 <unknown>
#5 0x55a12fd68c23 <unknown>
#6 0x55a12fd354a5 <unknown>
#7 0x55a12fd36111 <unknown>
#8 0x55a130210f1b <unknown>
#9 0x55a130214e19 <unknown>
#10 0x55a1301f7ac9 <unknown>
#11 0x55a1302159c8 <unknown>
#12 0x55a1301dc34f <unknown>
#13 0x55a130239a28 <unknown>
#14 0x55a130239c06 <unknown>
#15 0x55a13024b336 <unknown>
#16 0x7f4e2f494ac3 <unknown>

2025-06-19 21:35:55,899 - ERROR - Attempt 2 failed for https://www.geeksforgeeks.org/tag/interview-experiences/: Message: no such window: target window already closed
from unknown error: web view not found
  (Session info: chrome=137.0.7151.55)
Stacktrace:
#0 0x55a13024c45a <unknown>
#1 0x55a12fcf1760 <unknown>
#2 0x55a12fcc6140 <unknown>
#3 0x55a12fd716c8 <unknown>
#4 0x55a12fd8ecc5 <unknown>
#5 0x55a12fd68c23 <unknown>
#6 0x55a12fd354a5 <unknown>
#7 0x55a12fd36111 <unknown>
#8 0x55a130210f1b <unknown>
#9 0x55a130214e19 <unknown>
#10 0x55a1301f7ac9 <unknown>
#11 0x55a1302159c8 <unknown>
#12 0x55a1301dc34f <unknown>
#13 0x55a130239a28 <unknown>
#14 0x55a130239c06 <unknown>
#15 0x55a13024b336 <unknown>
#16 0x7f4e2f494ac3 <unknown>

2025-06-19 21:36:05,915 - ERROR - Error getting page with JS: Message: no such window: target window already closed
from unknown error: web view not found
  (Session info: chrome=137.0.7151.55)
Stacktrace:
#0 0x55a13024c45a <unknown>
#1 0x55a12fcf1760 <unknown>
#2 0x55a12fcc6140 <unknown>
#3 0x55a12fd716c8 <unknown>
#4 0x55a12fd8ecc5 <unknown>
#5 0x55a12fd68c23 <unknown>
#6 0x55a12fd354a5 <unknown>
#7 0x55a12fd36111 <unknown>
#8 0x55a130210f1b <unknown>
#9 0x55a130214e19 <unknown>
#10 0x55a1301f7ac9 <unknown>
#11 0x55a1302159c8 <unknown>
#12 0x55a1301dc34f <unknown>
#13 0x55a130239a28 <unknown>
#14 0x55a130239c06 <unknown>
#15 0x55a13024b336 <unknown>
#16 0x7f4e2f494ac3 <unknown>

2025-06-19 21:36:05,915 - WARNING - Attempt 1 failed: Message: no such window: target window already closed
from unknown error: web view not found
  (Session info: chrome=137.0.7151.55)
Stacktrace:
#0 0x55a13024c45a <unknown>
#1 0x55a12fcf1760 <unknown>
#2 0x55a12fcc6140 <unknown>
#3 0x55a12fd716c8 <unknown>
#4 0x55a12fd8ecc5 <unknown>
#5 0x55a12fd68c23 <unknown>
#6 0x55a12fd354a5 <unknown>
#7 0x55a12fd36111 <unknown>
#8 0x55a130210f1b <unknown>
#9 0x55a130214e19 <unknown>
#10 0x55a1301f7ac9 <unknown>
#11 0x55a1302159c8 <unknown>
#12 0x55a1301dc34f <unknown>
#13 0x55a130239a28 <unknown>
#14 0x55a130239c06 <unknown>
#15 0x55a13024b336 <unknown>
#16 0x7f4e2f494ac3 <unknown>

2025-06-19 21:36:07,920 - ERROR - Error getting page with JS: Message: no such window: target window already closed
from unknown error: web view not found
  (Session info: chrome=137.0.7151.55)
Stacktrace:
#0 0x55a13024c45a <unknown>
#1 0x55a12fcf1760 <unknown>
#2 0x55a12fcc6140 <unknown>
#3 0x55a12fd716c8 <unknown>
#4 0x55a12fd8ecc5 <unknown>
#5 0x55a12fd68c23 <unknown>
#6 0x55a12fd354a5 <unknown>
#7 0x55a12fd36111 <unknown>
#8 0x55a130210f1b <unknown>
#9 0x55a130214e19 <unknown>
#10 0x55a1301f7ac9 <unknown>
#11 0x55a1302159c8 <unknown>
#12 0x55a1301dc34f <unknown>
#13 0x55a130239a28 <unknown>
#14 0x55a130239c06 <unknown>
#15 0x55a13024b336 <unknown>
#16 0x7f4e2f494ac3 <unknown>

2025-06-19 21:36:07,920 - WARNING - Attempt 2 failed: Message: no such window: target window already closed
from unknown error: web view not found
  (Session info: chrome=137.0.7151.55)
Stacktrace:
#0 0x55a13024c45a <unknown>
#1 0x55a12fcf1760 <unknown>
#2 0x55a12fcc6140 <unknown>
#3 0x55a12fd716c8 <unknown>
#4 0x55a12fd8ecc5 <unknown>
#5 0x55a12fd68c23 <unknown>
#6 0x55a12fd354a5 <unknown>
#7 0x55a12fd36111 <unknown>
#8 0x55a130210f1b <unknown>
#9 0x55a130214e19 <unknown>
#10 0x55a1301f7ac9 <unknown>
#11 0x55a1302159c8 <unknown>
#12 0x55a1301dc34f <unknown>
#13 0x55a130239a28 <unknown>
#14 0x55a130239c06 <unknown>
#15 0x55a13024b336 <unknown>
#16 0x7f4e2f494ac3 <unknown>

2025-06-19 21:36:11,928 - ERROR - Error getting page with JS: Message: no such window: target window already closed
from unknown error: web view not found
  (Session info: chrome=137.0.7151.55)
Stacktrace:
#0 0x55a13024c45a <unknown>
#1 0x55a12fcf1760 <unknown>
#2 0x55a12fcc6140 <unknown>
#3 0x55a12fd716c8 <unknown>
#4 0x55a12fd8ecc5 <unknown>
#5 0x55a12fd68c23 <unknown>
#6 0x55a12fd354a5 <unknown>
#7 0x55a12fd36111 <unknown>
#8 0x55a130210f1b <unknown>
#9 0x55a130214e19 <unknown>
#10 0x55a1301f7ac9 <unknown>
#11 0x55a1302159c8 <unknown>
#12 0x55a1301dc34f <unknown>
#13 0x55a130239a28 <unknown>
#14 0x55a130239c06 <unknown>
#15 0x55a13024b336 <unknown>
#16 0x7f4e2f494ac3 <unknown>

2025-06-19 21:36:11,928 - WARNING - Attempt 3 failed: Message: no such window: target window already closed
from unknown error: web view not found
  (Session info: chrome=137.0.7151.55)
Stacktrace:
#0 0x55a13024c45a <unknown>
#1 0x55a12fcf1760 <unknown>
#2 0x55a12fcc6140 <unknown>
#3 0x55a12fd716c8 <unknown>
#4 0x55a12fd8ecc5 <unknown>
#5 0x55a12fd68c23 <unknown>
#6 0x55a12fd354a5 <unknown>
#7 0x55a12fd36111 <unknown>
#8 0x55a130210f1b <unknown>
#9 0x55a130214e19 <unknown>
#10 0x55a1301f7ac9 <unknown>
#11 0x55a1302159c8 <unknown>
#12 0x55a1301dc34f <unknown>
#13 0x55a130239a28 <unknown>
#14 0x55a130239c06 <unknown>
#15 0x55a13024b336 <unknown>
#16 0x7f4e2f494ac3 <unknown>

2025-06-19 21:36:11,928 - ERROR - Attempt 3 failed for https://www.geeksforgeeks.org/tag/interview-experiences/: Message: no such window: target window already closed
from unknown error: web view not found
  (Session info: chrome=137.0.7151.55)
Stacktrace:
#0 0x55a13024c45a <unknown>
#1 0x55a12fcf1760 <unknown>
#2 0x55a12fcc6140 <unknown>
#3 0x55a12fd716c8 <unknown>
#4 0x55a12fd8ecc5 <unknown>
#5 0x55a12fd68c23 <unknown>
#6 0x55a12fd354a5 <unknown>
#7 0x55a12fd36111 <unknown>
#8 0x55a130210f1b <unknown>
#9 0x55a130214e19 <unknown>
#10 0x55a1301f7ac9 <unknown>
#11 0x55a1302159c8 <unknown>
#12 0x55a1301dc34f <unknown>
#13 0x55a130239a28 <unknown>
#14 0x55a130239c06 <unknown>
#15 0x55a13024b336 <unknown>
#16 0x7f4e2f494ac3 <unknown>

2025-06-19 21:36:11,928 - ERROR - Failed to process https://www.geeksforgeeks.org/tag/interview-experiences/ after all retries
2025-06-19 21:36:11,929 - INFO - 
Testing URL: https://nilmamano.com/blog/category/dsa
2025-06-19 21:36:11,933 - ERROR - Error getting page with JS: Message: no such window: target window already closed
from unknown error: web view not found
  (Session info: chrome=137.0.7151.55)
Stacktrace:
#0 0x55a13024c45a <unknown>
#1 0x55a12fcf1760 <unknown>
#2 0x55a12fcc6140 <unknown>
#3 0x55a12fd716c8 <unknown>
#4 0x55a12fd8ecc5 <unknown>
#5 0x55a12fd68c23 <unknown>
#6 0x55a12fd354a5 <unknown>
#7 0x55a12fd36111 <unknown>
#8 0x55a130210f1b <unknown>
#9 0x55a130214e19 <unknown>
#10 0x55a1301f7ac9 <unknown>
#11 0x55a1302159c8 <unknown>
#12 0x55a1301dc34f <unknown>
#13 0x55a130239a28 <unknown>
#14 0x55a130239c06 <unknown>
#15 0x55a13024b336 <unknown>
#16 0x7f4e2f494ac3 <unknown>

2025-06-19 21:36:11,933 - WARNING - Attempt 1 failed: Message: no such window: target window already closed
from unknown error: web view not found
  (Session info: chrome=137.0.7151.55)
Stacktrace:
#0 0x55a13024c45a <unknown>
#1 0x55a12fcf1760 <unknown>
#2 0x55a12fcc6140 <unknown>
#3 0x55a12fd716c8 <unknown>
#4 0x55a12fd8ecc5 <unknown>
#5 0x55a12fd68c23 <unknown>
#6 0x55a12fd354a5 <unknown>
#7 0x55a12fd36111 <unknown>
#8 0x55a130210f1b <unknown>
#9 0x55a130214e19 <unknown>
#10 0x55a1301f7ac9 <unknown>
#11 0x55a1302159c8 <unknown>
#12 0x55a1301dc34f <unknown>
#13 0x55a130239a28 <unknown>
#14 0x55a130239c06 <unknown>
#15 0x55a13024b336 <unknown>
#16 0x7f4e2f494ac3 <unknown>

2025-06-19 21:36:13,938 - ERROR - Error getting page with JS: Message: no such window: target window already closed
from unknown error: web view not found
  (Session info: chrome=137.0.7151.55)
Stacktrace:
#0 0x55a13024c45a <unknown>
#1 0x55a12fcf1760 <unknown>
#2 0x55a12fcc6140 <unknown>
#3 0x55a12fd716c8 <unknown>
#4 0x55a12fd8ecc5 <unknown>
#5 0x55a12fd68c23 <unknown>
#6 0x55a12fd354a5 <unknown>
#7 0x55a12fd36111 <unknown>
#8 0x55a130210f1b <unknown>
#9 0x55a130214e19 <unknown>
#10 0x55a1301f7ac9 <unknown>
#11 0x55a1302159c8 <unknown>
#12 0x55a1301dc34f <unknown>
#13 0x55a130239a28 <unknown>
#14 0x55a130239c06 <unknown>
#15 0x55a13024b336 <unknown>
#16 0x7f4e2f494ac3 <unknown>

2025-06-19 21:36:13,938 - WARNING - Attempt 2 failed: Message: no such window: target window already closed
from unknown error: web view not found
  (Session info: chrome=137.0.7151.55)
Stacktrace:
#0 0x55a13024c45a <unknown>
#1 0x55a12fcf1760 <unknown>
#2 0x55a12fcc6140 <unknown>
#3 0x55a12fd716c8 <unknown>
#4 0x55a12fd8ecc5 <unknown>
#5 0x55a12fd68c23 <unknown>
#6 0x55a12fd354a5 <unknown>
#7 0x55a12fd36111 <unknown>
#8 0x55a130210f1b <unknown>
#9 0x55a130214e19 <unknown>
#10 0x55a1301f7ac9 <unknown>
#11 0x55a1302159c8 <unknown>
#12 0x55a1301dc34f <unknown>
#13 0x55a130239a28 <unknown>
#14 0x55a130239c06 <unknown>
#15 0x55a13024b336 <unknown>
#16 0x7f4e2f494ac3 <unknown>

2025-06-19 21:36:17,945 - ERROR - Error getting page with JS: Message: no such window: target window already closed
from unknown error: web view not found
  (Session info: chrome=137.0.7151.55)
Stacktrace:
#0 0x55a13024c45a <unknown>
#1 0x55a12fcf1760 <unknown>
#2 0x55a12fcc6140 <unknown>
#3 0x55a12fd716c8 <unknown>
#4 0x55a12fd8ecc5 <unknown>
#5 0x55a12fd68c23 <unknown>
#6 0x55a12fd354a5 <unknown>
#7 0x55a12fd36111 <unknown>
#8 0x55a130210f1b <unknown>
#9 0x55a130214e19 <unknown>
#10 0x55a1301f7ac9 <unknown>
#11 0x55a1302159c8 <unknown>
#12 0x55a1301dc34f <unknown>
#13 0x55a130239a28 <unknown>
#14 0x55a130239c06 <unknown>
#15 0x55a13024b336 <unknown>
#16 0x7f4e2f494ac3 <unknown>

2025-06-19 21:36:17,946 - WARNING - Attempt 3 failed: Message: no such window: target window already closed
from unknown error: web view not found
  (Session info: chrome=137.0.7151.55)
Stacktrace:
#0 0x55a13024c45a <unknown>
#1 0x55a12fcf1760 <unknown>
#2 0x55a12fcc6140 <unknown>
#3 0x55a12fd716c8 <unknown>
#4 0x55a12fd8ecc5 <unknown>
#5 0x55a12fd68c23 <unknown>
#6 0x55a12fd354a5 <unknown>
#7 0x55a12fd36111 <unknown>
#8 0x55a130210f1b <unknown>
#9 0x55a130214e19 <unknown>
#10 0x55a1301f7ac9 <unknown>
#11 0x55a1302159c8 <unknown>
#12 0x55a1301dc34f <unknown>
#13 0x55a130239a28 <unknown>
#14 0x55a130239c06 <unknown>
#15 0x55a13024b336 <unknown>
#16 0x7f4e2f494ac3 <unknown>

2025-06-19 21:36:17,946 - ERROR - Attempt 1 failed for https://nilmamano.com/blog/category/dsa: Message: no such window: target window already closed
from unknown error: web view not found
  (Session info: chrome=137.0.7151.55)
Stacktrace:
#0 0x55a13024c45a <unknown>
#1 0x55a12fcf1760 <unknown>
#2 0x55a12fcc6140 <unknown>
#3 0x55a12fd716c8 <unknown>
#4 0x55a12fd8ecc5 <unknown>
#5 0x55a12fd68c23 <unknown>
#6 0x55a12fd354a5 <unknown>
#7 0x55a12fd36111 <unknown>
#8 0x55a130210f1b <unknown>
#9 0x55a130214e19 <unknown>
#10 0x55a1301f7ac9 <unknown>
#11 0x55a1302159c8 <unknown>
#12 0x55a1301dc34f <unknown>
#13 0x55a130239a28 <unknown>
#14 0x55a130239c06 <unknown>
#15 0x55a13024b336 <unknown>
#16 0x7f4e2f494ac3 <unknown>

2025-06-19 21:36:22,957 - ERROR - Error getting page with JS: Message: no such window: target window already closed
from unknown error: web view not found
  (Session info: chrome=137.0.7151.55)
Stacktrace:
#0 0x55a13024c45a <unknown>
#1 0x55a12fcf1760 <unknown>
#2 0x55a12fcc6140 <unknown>
#3 0x55a12fd716c8 <unknown>
#4 0x55a12fd8ecc5 <unknown>
#5 0x55a12fd68c23 <unknown>
#6 0x55a12fd354a5 <unknown>
#7 0x55a12fd36111 <unknown>
#8 0x55a130210f1b <unknown>
#9 0x55a130214e19 <unknown>
#10 0x55a1301f7ac9 <unknown>
#11 0x55a1302159c8 <unknown>
#12 0x55a1301dc34f <unknown>
#13 0x55a130239a28 <unknown>
#14 0x55a130239c06 <unknown>
#15 0x55a13024b336 <unknown>
#16 0x7f4e2f494ac3 <unknown>

2025-06-19 21:36:22,957 - WARNING - Attempt 1 failed: Message: no such window: target window already closed
from unknown error: web view not found
  (Session info: chrome=137.0.7151.55)
Stacktrace:
#0 0x55a13024c45a <unknown>
#1 0x55a12fcf1760 <unknown>
#2 0x55a12fcc6140 <unknown>
#3 0x55a12fd716c8 <unknown>
#4 0x55a12fd8ecc5 <unknown>
#5 0x55a12fd68c23 <unknown>
#6 0x55a12fd354a5 <unknown>
#7 0x55a12fd36111 <unknown>
#8 0x55a130210f1b <unknown>
#9 0x55a130214e19 <unknown>
#10 0x55a1301f7ac9 <unknown>
#11 0x55a1302159c8 <unknown>
#12 0x55a1301dc34f <unknown>
#13 0x55a130239a28 <unknown>
#14 0x55a130239c06 <unknown>
#15 0x55a13024b336 <unknown>
#16 0x7f4e2f494ac3 <unknown>

2025-06-19 21:36:24,962 - ERROR - Error getting page with JS: Message: no such window: target window already closed
from unknown error: web view not found
  (Session info: chrome=137.0.7151.55)
Stacktrace:
#0 0x55a13024c45a <unknown>
#1 0x55a12fcf1760 <unknown>
#2 0x55a12fcc6140 <unknown>
#3 0x55a12fd716c8 <unknown>
#4 0x55a12fd8ecc5 <unknown>
#5 0x55a12fd68c23 <unknown>
#6 0x55a12fd354a5 <unknown>
#7 0x55a12fd36111 <unknown>
#8 0x55a130210f1b <unknown>
#9 0x55a130214e19 <unknown>
#10 0x55a1301f7ac9 <unknown>
#11 0x55a1302159c8 <unknown>
#12 0x55a1301dc34f <unknown>
#13 0x55a130239a28 <unknown>
#14 0x55a130239c06 <unknown>
#15 0x55a13024b336 <unknown>
#16 0x7f4e2f494ac3 <unknown>

2025-06-19 21:36:24,963 - WARNING - Attempt 2 failed: Message: no such window: target window already closed
from unknown error: web view not found
  (Session info: chrome=137.0.7151.55)
Stacktrace:
#0 0x55a13024c45a <unknown>
#1 0x55a12fcf1760 <unknown>
#2 0x55a12fcc6140 <unknown>
#3 0x55a12fd716c8 <unknown>
#4 0x55a12fd8ecc5 <unknown>
#5 0x55a12fd68c23 <unknown>
#6 0x55a12fd354a5 <unknown>
#7 0x55a12fd36111 <unknown>
#8 0x55a130210f1b <unknown>
#9 0x55a130214e19 <unknown>
#10 0x55a1301f7ac9 <unknown>
#11 0x55a1302159c8 <unknown>
#12 0x55a1301dc34f <unknown>
#13 0x55a130239a28 <unknown>
#14 0x55a130239c06 <unknown>
#15 0x55a13024b336 <unknown>
#16 0x7f4e2f494ac3 <unknown>

2025-06-19 21:36:28,969 - ERROR - Error getting page with JS: Message: no such window: target window already closed
from unknown error: web view not found
  (Session info: chrome=137.0.7151.55)
Stacktrace:
#0 0x55a13024c45a <unknown>
#1 0x55a12fcf1760 <unknown>
#2 0x55a12fcc6140 <unknown>
#3 0x55a12fd716c8 <unknown>
#4 0x55a12fd8ecc5 <unknown>
#5 0x55a12fd68c23 <unknown>
#6 0x55a12fd354a5 <unknown>
#7 0x55a12fd36111 <unknown>
#8 0x55a130210f1b <unknown>
#9 0x55a130214e19 <unknown>
#10 0x55a1301f7ac9 <unknown>
#11 0x55a1302159c8 <unknown>
#12 0x55a1301dc34f <unknown>
#13 0x55a130239a28 <unknown>
#14 0x55a130239c06 <unknown>
#15 0x55a13024b336 <unknown>
#16 0x7f4e2f494ac3 <unknown>

2025-06-19 21:36:28,969 - WARNING - Attempt 3 failed: Message: no such window: target window already closed
from unknown error: web view not found
  (Session info: chrome=137.0.7151.55)
Stacktrace:
#0 0x55a13024c45a <unknown>
#1 0x55a12fcf1760 <unknown>
#2 0x55a12fcc6140 <unknown>
#3 0x55a12fd716c8 <unknown>
#4 0x55a12fd8ecc5 <unknown>
#5 0x55a12fd68c23 <unknown>
#6 0x55a12fd354a5 <unknown>
#7 0x55a12fd36111 <unknown>
#8 0x55a130210f1b <unknown>
#9 0x55a130214e19 <unknown>
#10 0x55a1301f7ac9 <unknown>
#11 0x55a1302159c8 <unknown>
#12 0x55a1301dc34f <unknown>
#13 0x55a130239a28 <unknown>
#14 0x55a130239c06 <unknown>
#15 0x55a13024b336 <unknown>
#16 0x7f4e2f494ac3 <unknown>

2025-06-19 21:36:28,969 - ERROR - Attempt 2 failed for https://nilmamano.com/blog/category/dsa: Message: no such window: target window already closed
from unknown error: web view not found
  (Session info: chrome=137.0.7151.55)
Stacktrace:
#0 0x55a13024c45a <unknown>
#1 0x55a12fcf1760 <unknown>
#2 0x55a12fcc6140 <unknown>
#3 0x55a12fd716c8 <unknown>
#4 0x55a12fd8ecc5 <unknown>
#5 0x55a12fd68c23 <unknown>
#6 0x55a12fd354a5 <unknown>
#7 0x55a12fd36111 <unknown>
#8 0x55a130210f1b <unknown>
#9 0x55a130214e19 <unknown>
#10 0x55a1301f7ac9 <unknown>
#11 0x55a1302159c8 <unknown>
#12 0x55a1301dc34f <unknown>
#13 0x55a130239a28 <unknown>
#14 0x55a130239c06 <unknown>
#15 0x55a13024b336 <unknown>
#16 0x7f4e2f494ac3 <unknown>

2025-06-19 21:36:38,989 - ERROR - Error getting page with JS: Message: no such window: target window already closed
from unknown error: web view not found
  (Session info: chrome=137.0.7151.55)
Stacktrace:
#0 0x55a13024c45a <unknown>
#1 0x55a12fcf1760 <unknown>
#2 0x55a12fcc6140 <unknown>
#3 0x55a12fd716c8 <unknown>
#4 0x55a12fd8ecc5 <unknown>
#5 0x55a12fd68c23 <unknown>
#6 0x55a12fd354a5 <unknown>
#7 0x55a12fd36111 <unknown>
#8 0x55a130210f1b <unknown>
#9 0x55a130214e19 <unknown>
#10 0x55a1301f7ac9 <unknown>
#11 0x55a1302159c8 <unknown>
#12 0x55a1301dc34f <unknown>
#13 0x55a130239a28 <unknown>
#14 0x55a130239c06 <unknown>
#15 0x55a13024b336 <unknown>
#16 0x7f4e2f494ac3 <unknown>

2025-06-19 21:36:38,989 - WARNING - Attempt 1 failed: Message: no such window: target window already closed
from unknown error: web view not found
  (Session info: chrome=137.0.7151.55)
Stacktrace:
#0 0x55a13024c45a <unknown>
#1 0x55a12fcf1760 <unknown>
#2 0x55a12fcc6140 <unknown>
#3 0x55a12fd716c8 <unknown>
#4 0x55a12fd8ecc5 <unknown>
#5 0x55a12fd68c23 <unknown>
#6 0x55a12fd354a5 <unknown>
#7 0x55a12fd36111 <unknown>
#8 0x55a130210f1b <unknown>
#9 0x55a130214e19 <unknown>
#10 0x55a1301f7ac9 <unknown>
#11 0x55a1302159c8 <unknown>
#12 0x55a1301dc34f <unknown>
#13 0x55a130239a28 <unknown>
#14 0x55a130239c06 <unknown>
#15 0x55a13024b336 <unknown>
#16 0x7f4e2f494ac3 <unknown>

2025-06-19 21:36:40,999 - ERROR - Error getting page with JS: Message: no such window: target window already closed
from unknown error: web view not found
  (Session info: chrome=137.0.7151.55)
Stacktrace:
#0 0x55a13024c45a <unknown>
#1 0x55a12fcf1760 <unknown>
#2 0x55a12fcc6140 <unknown>
#3 0x55a12fd716c8 <unknown>
#4 0x55a12fd8ecc5 <unknown>
#5 0x55a12fd68c23 <unknown>
#6 0x55a12fd354a5 <unknown>
#7 0x55a12fd36111 <unknown>
#8 0x55a130210f1b <unknown>
#9 0x55a130214e19 <unknown>
#10 0x55a1301f7ac9 <unknown>
#11 0x55a1302159c8 <unknown>
#12 0x55a1301dc34f <unknown>
#13 0x55a130239a28 <unknown>
#14 0x55a130239c06 <unknown>
#15 0x55a13024b336 <unknown>
#16 0x7f4e2f494ac3 <unknown>

2025-06-19 21:36:40,999 - WARNING - Attempt 2 failed: Message: no such window: target window already closed
from unknown error: web view not found
  (Session info: chrome=137.0.7151.55)
Stacktrace:
#0 0x55a13024c45a <unknown>
#1 0x55a12fcf1760 <unknown>
#2 0x55a12fcc6140 <unknown>
#3 0x55a12fd716c8 <unknown>
#4 0x55a12fd8ecc5 <unknown>
#5 0x55a12fd68c23 <unknown>
#6 0x55a12fd354a5 <unknown>
#7 0x55a12fd36111 <unknown>
#8 0x55a130210f1b <unknown>
#9 0x55a130214e19 <unknown>
#10 0x55a1301f7ac9 <unknown>
#11 0x55a1302159c8 <unknown>
#12 0x55a1301dc34f <unknown>
#13 0x55a130239a28 <unknown>
#14 0x55a130239c06 <unknown>
#15 0x55a13024b336 <unknown>
#16 0x7f4e2f494ac3 <unknown>

2025-06-19 21:36:45,053 - ERROR - Error getting page with JS: Message: no such window: target window already closed
from unknown error: web view not found
  (Session info: chrome=137.0.7151.55)
Stacktrace:
#0 0x55a13024c45a <unknown>
#1 0x55a12fcf1760 <unknown>
#2 0x55a12fcc6140 <unknown>
#3 0x55a12fd716c8 <unknown>
#4 0x55a12fd8ecc5 <unknown>
#5 0x55a12fd68c23 <unknown>
#6 0x55a12fd354a5 <unknown>
#7 0x55a12fd36111 <unknown>
#8 0x55a130210f1b <unknown>
#9 0x55a130214e19 <unknown>
#10 0x55a1301f7ac9 <unknown>
#11 0x55a1302159c8 <unknown>
#12 0x55a1301dc34f <unknown>
#13 0x55a130239a28 <unknown>
#14 0x55a130239c06 <unknown>
#15 0x55a13024b336 <unknown>
#16 0x7f4e2f494ac3 <unknown>

2025-06-19 21:36:45,054 - WARNING - Attempt 3 failed: Message: no such window: target window already closed
from unknown error: web view not found
  (Session info: chrome=137.0.7151.55)
Stacktrace:
#0 0x55a13024c45a <unknown>
#1 0x55a12fcf1760 <unknown>
#2 0x55a12fcc6140 <unknown>
#3 0x55a12fd716c8 <unknown>
#4 0x55a12fd8ecc5 <unknown>
#5 0x55a12fd68c23 <unknown>
#6 0x55a12fd354a5 <unknown>
#7 0x55a12fd36111 <unknown>
#8 0x55a130210f1b <unknown>
#9 0x55a130214e19 <unknown>
#10 0x55a1301f7ac9 <unknown>
#11 0x55a1302159c8 <unknown>
#12 0x55a1301dc34f <unknown>
#13 0x55a130239a28 <unknown>
#14 0x55a130239c06 <unknown>
#15 0x55a13024b336 <unknown>
#16 0x7f4e2f494ac3 <unknown>

2025-06-19 21:36:45,054 - ERROR - Attempt 3 failed for https://nilmamano.com/blog/category/dsa: Message: no such window: target window already closed
from unknown error: web view not found
  (Session info: chrome=137.0.7151.55)
Stacktrace:
#0 0x55a13024c45a <unknown>
#1 0x55a12fcf1760 <unknown>
#2 0x55a12fcc6140 <unknown>
#3 0x55a12fd716c8 <unknown>
#4 0x55a12fd8ecc5 <unknown>
#5 0x55a12fd68c23 <unknown>
#6 0x55a12fd354a5 <unknown>
#7 0x55a12fd36111 <unknown>
#8 0x55a130210f1b <unknown>
#9 0x55a130214e19 <unknown>
#10 0x55a1301f7ac9 <unknown>
#11 0x55a1302159c8 <unknown>
#12 0x55a1301dc34f <unknown>
#13 0x55a130239a28 <unknown>
#14 0x55a130239c06 <unknown>
#15 0x55a13024b336 <unknown>
#16 0x7f4e2f494ac3 <unknown>

2025-06-19 21:36:45,054 - ERROR - Failed to process https://nilmamano.com/blog/category/dsa after all retries
2025-06-19 21:36:45,054 - INFO - 
Testing URL: https://overreacted.io/
2025-06-19 21:36:45,059 - ERROR - Error getting page with JS: Message: no such window: target window already closed
from unknown error: web view not found
  (Session info: chrome=137.0.7151.55)
Stacktrace:
#0 0x55a13024c45a <unknown>
#1 0x55a12fcf1760 <unknown>
#2 0x55a12fcc6140 <unknown>
#3 0x55a12fd716c8 <unknown>
#4 0x55a12fd8ecc5 <unknown>
#5 0x55a12fd68c23 <unknown>
#6 0x55a12fd354a5 <unknown>
#7 0x55a12fd36111 <unknown>
#8 0x55a130210f1b <unknown>
#9 0x55a130214e19 <unknown>
#10 0x55a1301f7ac9 <unknown>
#11 0x55a1302159c8 <unknown>
#12 0x55a1301dc34f <unknown>
#13 0x55a130239a28 <unknown>
#14 0x55a130239c06 <unknown>
#15 0x55a13024b336 <unknown>
#16 0x7f4e2f494ac3 <unknown>

2025-06-19 21:36:45,059 - WARNING - Attempt 1 failed: Message: no such window: target window already closed
from unknown error: web view not found
  (Session info: chrome=137.0.7151.55)
Stacktrace:
#0 0x55a13024c45a <unknown>
#1 0x55a12fcf1760 <unknown>
#2 0x55a12fcc6140 <unknown>
#3 0x55a12fd716c8 <unknown>
#4 0x55a12fd8ecc5 <unknown>
#5 0x55a12fd68c23 <unknown>
#6 0x55a12fd354a5 <unknown>
#7 0x55a12fd36111 <unknown>
#8 0x55a130210f1b <unknown>
#9 0x55a130214e19 <unknown>
#10 0x55a1301f7ac9 <unknown>
#11 0x55a1302159c8 <unknown>
#12 0x55a1301dc34f <unknown>
#13 0x55a130239a28 <unknown>
#14 0x55a130239c06 <unknown>
#15 0x55a13024b336 <unknown>
#16 0x7f4e2f494ac3 <unknown>

2025-06-19 21:36:47,064 - ERROR - Error getting page with JS: Message: no such window: target window already closed
from unknown error: web view not found
  (Session info: chrome=137.0.7151.55)
Stacktrace:
#0 0x55a13024c45a <unknown>
#1 0x55a12fcf1760 <unknown>
#2 0x55a12fcc6140 <unknown>
#3 0x55a12fd716c8 <unknown>
#4 0x55a12fd8ecc5 <unknown>
#5 0x55a12fd68c23 <unknown>
#6 0x55a12fd354a5 <unknown>
#7 0x55a12fd36111 <unknown>
#8 0x55a130210f1b <unknown>
#9 0x55a130214e19 <unknown>
#10 0x55a1301f7ac9 <unknown>
#11 0x55a1302159c8 <unknown>
#12 0x55a1301dc34f <unknown>
#13 0x55a130239a28 <unknown>
#14 0x55a130239c06 <unknown>
#15 0x55a13024b336 <unknown>
#16 0x7f4e2f494ac3 <unknown>

2025-06-19 21:36:47,064 - WARNING - Attempt 2 failed: Message: no such window: target window already closed
from unknown error: web view not found
  (Session info: chrome=137.0.7151.55)
Stacktrace:
#0 0x55a13024c45a <unknown>
#1 0x55a12fcf1760 <unknown>
#2 0x55a12fcc6140 <unknown>
#3 0x55a12fd716c8 <unknown>
#4 0x55a12fd8ecc5 <unknown>
#5 0x55a12fd68c23 <unknown>
#6 0x55a12fd354a5 <unknown>
#7 0x55a12fd36111 <unknown>
#8 0x55a130210f1b <unknown>
#9 0x55a130214e19 <unknown>
#10 0x55a1301f7ac9 <unknown>
#11 0x55a1302159c8 <unknown>
#12 0x55a1301dc34f <unknown>
#13 0x55a130239a28 <unknown>
#14 0x55a130239c06 <unknown>
#15 0x55a13024b336 <unknown>
#16 0x7f4e2f494ac3 <unknown>

2025-06-19 21:36:51,071 - ERROR - Error getting page with JS: Message: no such window: target window already closed
from unknown error: web view not found
  (Session info: chrome=137.0.7151.55)
Stacktrace:
#0 0x55a13024c45a <unknown>
#1 0x55a12fcf1760 <unknown>
#2 0x55a12fcc6140 <unknown>
#3 0x55a12fd716c8 <unknown>
#4 0x55a12fd8ecc5 <unknown>
#5 0x55a12fd68c23 <unknown>
#6 0x55a12fd354a5 <unknown>
#7 0x55a12fd36111 <unknown>
#8 0x55a130210f1b <unknown>
#9 0x55a130214e19 <unknown>
#10 0x55a1301f7ac9 <unknown>
#11 0x55a1302159c8 <unknown>
#12 0x55a1301dc34f <unknown>
#13 0x55a130239a28 <unknown>
#14 0x55a130239c06 <unknown>
#15 0x55a13024b336 <unknown>
#16 0x7f4e2f494ac3 <unknown>

2025-06-19 21:36:51,071 - WARNING - Attempt 3 failed: Message: no such window: target window already closed
from unknown error: web view not found
  (Session info: chrome=137.0.7151.55)
Stacktrace:
#0 0x55a13024c45a <unknown>
#1 0x55a12fcf1760 <unknown>
#2 0x55a12fcc6140 <unknown>
#3 0x55a12fd716c8 <unknown>
#4 0x55a12fd8ecc5 <unknown>
#5 0x55a12fd68c23 <unknown>
#6 0x55a12fd354a5 <unknown>
#7 0x55a12fd36111 <unknown>
#8 0x55a130210f1b <unknown>
#9 0x55a130214e19 <unknown>
#10 0x55a1301f7ac9 <unknown>
#11 0x55a1302159c8 <unknown>
#12 0x55a1301dc34f <unknown>
#13 0x55a130239a28 <unknown>
#14 0x55a130239c06 <unknown>
#15 0x55a13024b336 <unknown>
#16 0x7f4e2f494ac3 <unknown>

2025-06-19 21:36:51,071 - ERROR - Attempt 1 failed for https://overreacted.io/: Message: no such window: target window already closed
from unknown error: web view not found
  (Session info: chrome=137.0.7151.55)
Stacktrace:
#0 0x55a13024c45a <unknown>
#1 0x55a12fcf1760 <unknown>
#2 0x55a12fcc6140 <unknown>
#3 0x55a12fd716c8 <unknown>
#4 0x55a12fd8ecc5 <unknown>
#5 0x55a12fd68c23 <unknown>
#6 0x55a12fd354a5 <unknown>
#7 0x55a12fd36111 <unknown>
#8 0x55a130210f1b <unknown>
#9 0x55a130214e19 <unknown>
#10 0x55a1301f7ac9 <unknown>
#11 0x55a1302159c8 <unknown>
#12 0x55a1301dc34f <unknown>
#13 0x55a130239a28 <unknown>
#14 0x55a130239c06 <unknown>
#15 0x55a13024b336 <unknown>
#16 0x7f4e2f494ac3 <unknown>

2025-06-19 21:36:56,082 - ERROR - Error getting page with JS: Message: no such window: target window already closed
from unknown error: web view not found
  (Session info: chrome=137.0.7151.55)
Stacktrace:
#0 0x55a13024c45a <unknown>
#1 0x55a12fcf1760 <unknown>
#2 0x55a12fcc6140 <unknown>
#3 0x55a12fd716c8 <unknown>
#4 0x55a12fd8ecc5 <unknown>
#5 0x55a12fd68c23 <unknown>
#6 0x55a12fd354a5 <unknown>
#7 0x55a12fd36111 <unknown>
#8 0x55a130210f1b <unknown>
#9 0x55a130214e19 <unknown>
#10 0x55a1301f7ac9 <unknown>
#11 0x55a1302159c8 <unknown>
#12 0x55a1301dc34f <unknown>
#13 0x55a130239a28 <unknown>
#14 0x55a130239c06 <unknown>
#15 0x55a13024b336 <unknown>
#16 0x7f4e2f494ac3 <unknown>

2025-06-19 21:36:56,083 - WARNING - Attempt 1 failed: Message: no such window: target window already closed
from unknown error: web view not found
  (Session info: chrome=137.0.7151.55)
Stacktrace:
#0 0x55a13024c45a <unknown>
#1 0x55a12fcf1760 <unknown>
#2 0x55a12fcc6140 <unknown>
#3 0x55a12fd716c8 <unknown>
#4 0x55a12fd8ecc5 <unknown>
#5 0x55a12fd68c23 <unknown>
#6 0x55a12fd354a5 <unknown>
#7 0x55a12fd36111 <unknown>
#8 0x55a130210f1b <unknown>
#9 0x55a130214e19 <unknown>
#10 0x55a1301f7ac9 <unknown>
#11 0x55a1302159c8 <unknown>
#12 0x55a1301dc34f <unknown>
#13 0x55a130239a28 <unknown>
#14 0x55a130239c06 <unknown>
#15 0x55a13024b336 <unknown>
#16 0x7f4e2f494ac3 <unknown>

2025-06-19 21:36:58,087 - ERROR - Error getting page with JS: Message: no such window: target window already closed
from unknown error: web view not found
  (Session info: chrome=137.0.7151.55)
Stacktrace:
#0 0x55a13024c45a <unknown>
#1 0x55a12fcf1760 <unknown>
#2 0x55a12fcc6140 <unknown>
#3 0x55a12fd716c8 <unknown>
#4 0x55a12fd8ecc5 <unknown>
#5 0x55a12fd68c23 <unknown>
#6 0x55a12fd354a5 <unknown>
#7 0x55a12fd36111 <unknown>
#8 0x55a130210f1b <unknown>
#9 0x55a130214e19 <unknown>
#10 0x55a1301f7ac9 <unknown>
#11 0x55a1302159c8 <unknown>
#12 0x55a1301dc34f <unknown>
#13 0x55a130239a28 <unknown>
#14 0x55a130239c06 <unknown>
#15 0x55a13024b336 <unknown>
#16 0x7f4e2f494ac3 <unknown>

2025-06-19 21:36:58,087 - WARNING - Attempt 2 failed: Message: no such window: target window already closed
from unknown error: web view not found
  (Session info: chrome=137.0.7151.55)
Stacktrace:
#0 0x55a13024c45a <unknown>
#1 0x55a12fcf1760 <unknown>
#2 0x55a12fcc6140 <unknown>
#3 0x55a12fd716c8 <unknown>
#4 0x55a12fd8ecc5 <unknown>
#5 0x55a12fd68c23 <unknown>
#6 0x55a12fd354a5 <unknown>
#7 0x55a12fd36111 <unknown>
#8 0x55a130210f1b <unknown>
#9 0x55a130214e19 <unknown>
#10 0x55a1301f7ac9 <unknown>
#11 0x55a1302159c8 <unknown>
#12 0x55a1301dc34f <unknown>
#13 0x55a130239a28 <unknown>
#14 0x55a130239c06 <unknown>
#15 0x55a13024b336 <unknown>
#16 0x7f4e2f494ac3 <unknown>

2025-06-19 21:37:02,094 - ERROR - Error getting page with JS: Message: no such window: target window already closed
from unknown error: web view not found
  (Session info: chrome=137.0.7151.55)
Stacktrace:
#0 0x55a13024c45a <unknown>
#1 0x55a12fcf1760 <unknown>
#2 0x55a12fcc6140 <unknown>
#3 0x55a12fd716c8 <unknown>
#4 0x55a12fd8ecc5 <unknown>
#5 0x55a12fd68c23 <unknown>
#6 0x55a12fd354a5 <unknown>
#7 0x55a12fd36111 <unknown>
#8 0x55a130210f1b <unknown>
#9 0x55a130214e19 <unknown>
#10 0x55a1301f7ac9 <unknown>
#11 0x55a1302159c8 <unknown>
#12 0x55a1301dc34f <unknown>
#13 0x55a130239a28 <unknown>
#14 0x55a130239c06 <unknown>
#15 0x55a13024b336 <unknown>
#16 0x7f4e2f494ac3 <unknown>

2025-06-19 21:37:02,094 - WARNING - Attempt 3 failed: Message: no such window: target window already closed
from unknown error: web view not found
  (Session info: chrome=137.0.7151.55)
Stacktrace:
#0 0x55a13024c45a <unknown>
#1 0x55a12fcf1760 <unknown>
#2 0x55a12fcc6140 <unknown>
#3 0x55a12fd716c8 <unknown>
#4 0x55a12fd8ecc5 <unknown>
#5 0x55a12fd68c23 <unknown>
#6 0x55a12fd354a5 <unknown>
#7 0x55a12fd36111 <unknown>
#8 0x55a130210f1b <unknown>
#9 0x55a130214e19 <unknown>
#10 0x55a1301f7ac9 <unknown>
#11 0x55a1302159c8 <unknown>
#12 0x55a1301dc34f <unknown>
#13 0x55a130239a28 <unknown>
#14 0x55a130239c06 <unknown>
#15 0x55a13024b336 <unknown>
#16 0x7f4e2f494ac3 <unknown>

2025-06-19 21:37:02,094 - ERROR - Attempt 2 failed for https://overreacted.io/: Message: no such window: target window already closed
from unknown error: web view not found
  (Session info: chrome=137.0.7151.55)
Stacktrace:
#0 0x55a13024c45a <unknown>
#1 0x55a12fcf1760 <unknown>
#2 0x55a12fcc6140 <unknown>
#3 0x55a12fd716c8 <unknown>
#4 0x55a12fd8ecc5 <unknown>
#5 0x55a12fd68c23 <unknown>
#6 0x55a12fd354a5 <unknown>
#7 0x55a12fd36111 <unknown>
#8 0x55a130210f1b <unknown>
#9 0x55a130214e19 <unknown>
#10 0x55a1301f7ac9 <unknown>
#11 0x55a1302159c8 <unknown>
#12 0x55a1301dc34f <unknown>
#13 0x55a130239a28 <unknown>
#14 0x55a130239c06 <unknown>
#15 0x55a13024b336 <unknown>
#16 0x7f4e2f494ac3 <unknown>

2025-06-19 21:37:12,112 - ERROR - Error getting page with JS: Message: no such window: target window already closed
from unknown error: web view not found
  (Session info: chrome=137.0.7151.55)
Stacktrace:
#0 0x55a13024c45a <unknown>
#1 0x55a12fcf1760 <unknown>
#2 0x55a12fcc6140 <unknown>
#3 0x55a12fd716c8 <unknown>
#4 0x55a12fd8ecc5 <unknown>
#5 0x55a12fd68c23 <unknown>
#6 0x55a12fd354a5 <unknown>
#7 0x55a12fd36111 <unknown>
#8 0x55a130210f1b <unknown>
#9 0x55a130214e19 <unknown>
#10 0x55a1301f7ac9 <unknown>
#11 0x55a1302159c8 <unknown>
#12 0x55a1301dc34f <unknown>
#13 0x55a130239a28 <unknown>
#14 0x55a130239c06 <unknown>
#15 0x55a13024b336 <unknown>
#16 0x7f4e2f494ac3 <unknown>

2025-06-19 21:37:12,112 - WARNING - Attempt 1 failed: Message: no such window: target window already closed
from unknown error: web view not found
  (Session info: chrome=137.0.7151.55)
Stacktrace:
#0 0x55a13024c45a <unknown>
#1 0x55a12fcf1760 <unknown>
#2 0x55a12fcc6140 <unknown>
#3 0x55a12fd716c8 <unknown>
#4 0x55a12fd8ecc5 <unknown>
#5 0x55a12fd68c23 <unknown>
#6 0x55a12fd354a5 <unknown>
#7 0x55a12fd36111 <unknown>
#8 0x55a130210f1b <unknown>
#9 0x55a130214e19 <unknown>
#10 0x55a1301f7ac9 <unknown>
#11 0x55a1302159c8 <unknown>
#12 0x55a1301dc34f <unknown>
#13 0x55a130239a28 <unknown>
#14 0x55a130239c06 <unknown>
#15 0x55a13024b336 <unknown>
#16 0x7f4e2f494ac3 <unknown>

2025-06-19 21:37:14,117 - ERROR - Error getting page with JS: Message: no such window: target window already closed
from unknown error: web view not found
  (Session info: chrome=137.0.7151.55)
Stacktrace:
#0 0x55a13024c45a <unknown>
#1 0x55a12fcf1760 <unknown>
#2 0x55a12fcc6140 <unknown>
#3 0x55a12fd716c8 <unknown>
#4 0x55a12fd8ecc5 <unknown>
#5 0x55a12fd68c23 <unknown>
#6 0x55a12fd354a5 <unknown>
#7 0x55a12fd36111 <unknown>
#8 0x55a130210f1b <unknown>
#9 0x55a130214e19 <unknown>
#10 0x55a1301f7ac9 <unknown>
#11 0x55a1302159c8 <unknown>
#12 0x55a1301dc34f <unknown>
#13 0x55a130239a28 <unknown>
#14 0x55a130239c06 <unknown>
#15 0x55a13024b336 <unknown>
#16 0x7f4e2f494ac3 <unknown>

2025-06-19 21:37:14,117 - WARNING - Attempt 2 failed: Message: no such window: target window already closed
from unknown error: web view not found
  (Session info: chrome=137.0.7151.55)
Stacktrace:
#0 0x55a13024c45a <unknown>
#1 0x55a12fcf1760 <unknown>
#2 0x55a12fcc6140 <unknown>
#3 0x55a12fd716c8 <unknown>
#4 0x55a12fd8ecc5 <unknown>
#5 0x55a12fd68c23 <unknown>
#6 0x55a12fd354a5 <unknown>
#7 0x55a12fd36111 <unknown>
#8 0x55a130210f1b <unknown>
#9 0x55a130214e19 <unknown>
#10 0x55a1301f7ac9 <unknown>
#11 0x55a1302159c8 <unknown>
#12 0x55a1301dc34f <unknown>
#13 0x55a130239a28 <unknown>
#14 0x55a130239c06 <unknown>
#15 0x55a13024b336 <unknown>
#16 0x7f4e2f494ac3 <unknown>

2025-06-19 21:37:18,125 - ERROR - Error getting page with JS: Message: no such window: target window already closed
from unknown error: web view not found
  (Session info: chrome=137.0.7151.55)
Stacktrace:
#0 0x55a13024c45a <unknown>
#1 0x55a12fcf1760 <unknown>
#2 0x55a12fcc6140 <unknown>
#3 0x55a12fd716c8 <unknown>
#4 0x55a12fd8ecc5 <unknown>
#5 0x55a12fd68c23 <unknown>
#6 0x55a12fd354a5 <unknown>
#7 0x55a12fd36111 <unknown>
#8 0x55a130210f1b <unknown>
#9 0x55a130214e19 <unknown>
#10 0x55a1301f7ac9 <unknown>
#11 0x55a1302159c8 <unknown>
#12 0x55a1301dc34f <unknown>
#13 0x55a130239a28 <unknown>
#14 0x55a130239c06 <unknown>
#15 0x55a13024b336 <unknown>
#16 0x7f4e2f494ac3 <unknown>

2025-06-19 21:37:18,125 - WARNING - Attempt 3 failed: Message: no such window: target window already closed
from unknown error: web view not found
  (Session info: chrome=137.0.7151.55)
Stacktrace:
#0 0x55a13024c45a <unknown>
#1 0x55a12fcf1760 <unknown>
#2 0x55a12fcc6140 <unknown>
#3 0x55a12fd716c8 <unknown>
#4 0x55a12fd8ecc5 <unknown>
#5 0x55a12fd68c23 <unknown>
#6 0x55a12fd354a5 <unknown>
#7 0x55a12fd36111 <unknown>
#8 0x55a130210f1b <unknown>
#9 0x55a130214e19 <unknown>
#10 0x55a1301f7ac9 <unknown>
#11 0x55a1302159c8 <unknown>
#12 0x55a1301dc34f <unknown>
#13 0x55a130239a28 <unknown>
#14 0x55a130239c06 <unknown>
#15 0x55a13024b336 <unknown>
#16 0x7f4e2f494ac3 <unknown>

2025-06-19 21:37:18,125 - ERROR - Attempt 3 failed for https://overreacted.io/: Message: no such window: target window already closed
from unknown error: web view not found
  (Session info: chrome=137.0.7151.55)
Stacktrace:
#0 0x55a13024c45a <unknown>
#1 0x55a12fcf1760 <unknown>
#2 0x55a12fcc6140 <unknown>
#3 0x55a12fd716c8 <unknown>
#4 0x55a12fd8ecc5 <unknown>
#5 0x55a12fd68c23 <unknown>
#6 0x55a12fd354a5 <unknown>
#7 0x55a12fd36111 <unknown>
#8 0x55a130210f1b <unknown>
#9 0x55a130214e19 <unknown>
#10 0x55a1301f7ac9 <unknown>
#11 0x55a1302159c8 <unknown>
#12 0x55a1301dc34f <unknown>
#13 0x55a130239a28 <unknown>
#14 0x55a130239c06 <unknown>
#15 0x55a13024b336 <unknown>
#16 0x7f4e2f494ac3 <unknown>

2025-06-19 21:37:18,125 - ERROR - Failed to process https://overreacted.io/ after all retries
